user,priority
sunuu.jangid,2.0
nadeemkhan3099,2.0
visusutharv4s,2.0
deepak_giri00,2.0
kiran_simple_girl_07,2.0
khushi_vaishnav_13,2.0
rahultailor5,2.0
roshansuthar_24,2.0
prajjwal_kumawat_11,2.0
vikas_goswami_delwas,2.0
tiktokstarravi,2.0
sanjaymugged,2.0
mr_giriraj_kumawat,2.0
mr.beniwalji25,2.0
mr_chbnd_07,2.0
kamaljangir4168,2.0
kamallohar8559881226,2.0
mr_ajay_jat_,2.0
bheru_sa,2.0
sammmm_ox,2.0
narendra_salv,2.0
jatt_anil_95,2.0
rajendra_jat_110811,2.0
its__mannu_55,2.0
devraj.jat.399,2.0
patelmr_p,1.0
patel.kc20,1.0
patel___julie,1.0
patel_pankaj06,1.0
nirbhay_bamboriya,1.0
patel_pawan_dhaker,1.0
niramldhaker,1.0
patel_vimsa_dhakad,1.0
patelnarayan_7239,1.0
parvin__o59,1.0
patelrajesh9680,1.0
patelsuraj43,1.0
patid9,1.0
patidar.vikas01,1.0
patidar__nayan,1.0
patidar_bantu,1.0
niraj_suthar333,1.0
pavan.beragi.50,1.0
parvinderparjaptigola,1.0
parvat__0751,1.0
pavan.laxkar,1.0
nirbhaysinghchouhan7773,1.0
panwar_dilipsingh,1.0
pappu.dhakad.90,1.0
pappulal_dhaker,1.0
paramveersinghr_7773,1.0
paras31139,1.0
paras_dhakad_511,1.0
paras_tank1008,1.0
parashar.aman,1.0
parasram.dhaker.77,1.0
nirmal__dhaked,1.0
parasram_janwa_gehlot,1.0
parhaladdhakar,1.0
parishi.s,1.0
nirmal.dhaker.108,1.0
parkash.sharma.777,1.0
parth___soni,1.0
nirma_thewellness_coach,1.0
niraj11010,1.0
nir_dkd__,1.0
pankesh696,1.0
payal_suthar__,1.0
perfect___killer,1.0
physio_gk,1.0
pihu__dhakar,1.0
pikku.gehlot_mlsu,1.0
pind_aala_zamidaar_333,1.0
pinkesh_rathore,1.0
pintu_mandara01,1.0
nilesh_prajapat_mindana,1.0
pintu_mandara_555,1.0
pintusuthar8,1.0
nikitajangir86,1.0
piyu.dhaakad,1.0
nikita_kanwar28,1.0
piyush.dhaker,1.0
nikhilsuthar5170,1.0
piyush25_sharma,1.0
piyush_aanjana,1.0
payalamarwal,1.0
payal_pachoriya,1.0
pavan_desai_99,1.0
nileshdhakar_13,1.0
pavan_dhaker999,1.0
pavan_gayari,1.0
pavan_suwaniya,1.0
pawan756875,1.0
nileshyadav2075,1.0
pawan__menariya,1.0
pawan_agiwal,1.0
pawan_gurjar_mangrol,1.0
pawan_saa199,1.0
pawan_shine,1.0
pawanpatidar_pp,1.0
pawansharma4619,1.0
pawansoni481,1.0
nileshkatara,1.0
payal6184,1.0
nileshjangid73,1.0
nileshgayari,1.0
pankuu_____,1.0
nitesh_lohar_30,1.0
niteshr8537,1.0
official_luksa_goswami,1.0
nupur_parikh_,1.0
nvn_dhaker_007,1.0
o_h8449,1.0
official__abhi_anjana,1.0
official_chiranjiv,1.0
official_hits_upadhyay,1.0
official_jagdish_gurjar,1.0
official_lokesh_choudhary291,1.0
official_pareek459,1.0
officsalchandanbairwa,1.0
official_raj_sachin,1.0
official_ranawat_7773,1.0
official_roshnitandon,1.0
official_satish13,1.0
official_villager_king_09,1.0
officialkdudaipurse,1.0
nitesh_choudhary8888,1.0
nismore93,1.0
nowitsravi,1.0
notyf.m,1.0
notty_boy_naresh_,1.0
norma_leon_b,1.0
nitesh_dhaker_777,1.0
niti176,1.0
nitin_2753,1.0
nitinanjana8,1.0
nitinpurbia2002,1.0
nitishsetaliya,1.0
nitu_dhaker34,1.0
nitya1166,1.0
nitesh_dhaker21,1.0
nitya3550,1.0
nk.bamboriya,1.0
nk_dhaker789,1.0
nitesh_dhaker20,1.0
nkaheer,1.0
nkk98735,1.0
nknick007,1.0
nks1857,1.0
officialram_dhaker,1.0
nishu_baisa612,1.0
pankajpatidar213,1.0
pankaj869sharma,1.0
panday5390,1.0
pandey__0210,1.0
piyush_jatiya_55,1.0
pandey__arjun,1.0
pandey_shiv99,1.0
pandit_sushil_swami,1.0
pankaj.nagda.505,1.0
pankaj.s.kushwah,1.0
pankaj__dhakad,1.0
om_jeet_om_jeet_2668,1.0
pankaj_anjana_jii,1.0
pankaj_dkd_555,1.0
pankaj_menaria_bawa_,1.0
pankaj_pandit__,1.0
pankajahir609,1.0
pankajdkd5553,1.0
nirmal__dhaker,1.0
pankajpatidar003,1.0
panchal_jayesh_jp,1.0
pameshwar_dhakad470,1.0
paliwalmobile357,1.0
palashchoudhary_7773,1.0
omparkeshgadri,1.0
onkardhakad18,1.0
oo7_naresh,1.0
nirmit5544,1.0
oyy_its_c.p._star_ak47,1.0
nirmaldhakar64,1.0
p.a.w.a.n_k.a.l.y.a.n,1.0
p.b.borana.5055,1.0
p.s._banna612,1.0
p_a_n_k_s_a,1.0
nirmal_dkd_07,1.0
p_k_yadav_natural_______,1.0
p_m_editz,1.0
p_r_a_s_h_a_n_tsoni,1.0
nirmal_dhaker_official,1.0
p_tailor_,1.0
pakk_gujarati143,1.0
piyush_dhakad,1.0
pkdhakad2019,1.0
piyush_vaishnav_0080,1.0
rahul_dkd_555,1.0
rahul.nayak5624,1.0
rahul752_,1.0
rahul___sharma98,1.0
rahul__nayma_333,1.0
rahul_chandel7926,1.0
rahul_choudhary_nahrmagra,1.0
rahul_dhakad7665,1.0
rahul_dhaker_5470,1.0
rahul_dhakerr,1.0
rahul_gurjar_koli_mlsu77,1.0
rahul.dhaker.0007,1.0
rahul_jaihind,1.0
rahul_jetwal___09,1.0
rahul_meghwal69rks,1.0
rahul_mittal_agrawal,1.0
rahul_pancheshwar,1.0
rahul_patel_480,1.0
rahul_rajwadi01,1.0
rahul_sahu_4,1.0
rahul_singh_9602746523,1.0
rahul.keer.143,1.0
raghavbhgat,1.0
piyush_vashistha.mlsu,1.0
pwn_patidar,1.0
pushkar_dkr,1.0
pushkar_kushwah,1.0
pushkar_meghwal_3,1.0
pushkar_panchariya,1.0
pushkarbargei,1.0
pushkarnamdev,1.0
pushker_dhaker,1.0
pushpendra10,1.0
pushpendra_9140,1.0
pwndhaker_6161,1.0
radhikasolanki205,1.0
r.r.dhaker,1.0
r_b_dhakad,1.0
r_krishnapalsingh_mlsu,1.0
ra.ihan9586,1.0
rabin_dra98,1.0
radhe_bawa_,1.0
radhe_dhaker_knr_5000,1.0
radhesuthar7665,1.0
radheygurjar7340,1.0
rahul_soni_019,1.0
rahul_yaduvanshi.05,1.0
rahulbairwa625,1.0
rajjat7777,1.0
rajchoudhary277,1.0
rajendra_patidar,1.0
rajesh_dhakad_mewar,1.0
rajeshchada1,1.0
rajeshsharma2352,1.0
rajeshsoni0001,1.0
rajgautam7709,1.0
rajiv_0411,1.0
rajjangid1887,1.0
rajkumar552794,1.0
rahulbamboriya2,1.0
rajkumar7864,1.0
rajkumar_1999_sharma,1.0
rajkumar_dhaker.007,1.0
rajkumari__dangi,1.0
rajkumarmeena5965,1.0
rajl49,1.0
rajnish_sahu02,1.0
rajput_suraj_2002,1.0
rajputdevsabanna,1.0
raja17_77,1.0
raj_vishwakarma_1113,1.0
raj_sindal777,1.0
raj_sagitra_knr_143,1.0
rahulbanjara7181,1.0
rahulchabbra75,1.0
rahulchoudhary09_official,1.0
rahuldhaker_,1.0
rahuldhaker_mlsu,1.0
rahulkumawat0204,1.0
rahulprajapat216,1.0
rahulprajapat8840,1.0
rahulsahu5073,1.0
rahulsahu90012,1.0
rahulsinghcharan91,1.0
raidasjagdish,1.0
raj.meena.meena,1.0
raj978121,1.0
raj_ahir_5699,1.0
raj_dayma__rd,1.0
raj_meghwal2605,1.0
raj_patel_587,1.0
raj_sa8107,1.0
pushkar8729,1.0
pushkar468,1.0
pushkar.vaishnav.7587,1.0
prahlad4998,1.0
pradhumn__joshi,1.0
pradhyumn_dhakad_22,1.0
pradipbhakhar,1.0
prafuldhodi1432,1.0
prafull_004,1.0
pragya_jain_25,1.0
prahalad_balupar,1.0
prahl_ad,1.0
prahlad.nagda.33,1.0
prahlad_dhaker_1234,1.0
prashant_bhatt63,1.0
prahlad_jangid_12345,1.0
prahlad_nagda_menariya,1.0
prajapat.chintu,1.0
prajapat_girl_956,1.0
prajapati_nikesh_,1.0
prajapatlovekush471,1.0
prakatan_07_,1.0
pramod_dkd,1.0
pranchit_choudhary_,1.0
pradeepkumawat147,1.0
pradeepchoudhary3517,1.0
pradeep_dhaker05,1.0
pradeep.labana,1.0
piyushmeena786,1.0
pizza_hub_kekri,1.0
pk.dhakar,1.0
pk_jangid_4255,1.0
nikhil__maratha,1.0
pl561565,1.0
pndit_praveen_joshiiiii,1.0
pnkj__1999,1.0
pnkzpatel,1.0
pooja_6831,1.0
pooja_choudhary1615,1.0
poojabeer089,1.0
poojasaini03,1.0
poojasen707,1.0
poojassharma143,1.0
prabat_choudhary,1.0
pradeep._.sahu,1.0
pradeep.__sen,1.0
pradeep.bairagi,1.0
pranshu_dwivedi143,1.0
pratap_sunani,1.0
pushkar.nayak.9406,1.0
pubg_paid_tourney,1.0
priyankaswian,1.0
priyannaa,1.0
priyansh_020,1.0
priyanshi_sharma1432,1.0
priyasoni913014,1.0
professional_battle_77,1.0
pssharma1234,1.0
pubg_2020_india_,1.0
pubg_lover_rohan_,1.0
pukhraj773,1.0
pratikanjana11,1.0
puksa_mewar,1.0
punit_7141,1.0
punit___kumar__,1.0
puran_anjana_,1.0
puran_dhakad,1.0
puran_goswami_6243,1.0
purangoswami2321,1.0
puransingh5318,1.0
purushottamvagriya,1.0
priyanka_khichi5656,1.0
priyanka_dkd,1.0
priyanka.bordoloi3304,1.0
priyakshi_garg_,1.0
praveen__jangid,1.0
praveen_dangi_,1.0
praveen_dhaker_96,1.0
praveen_sharma_7,1.0
praveensuthar5125,1.0
prdhangujar20,1.0
preeti.kunwar.chouhan,1.0
prince.dhakad99,1.0
prince.maratha.21,1.0
prince_chaudhary_3030,1.0
prince_choudhary000,1.0
prince_dev27,1.0
prince_laxman_94,1.0
prince_photography_udaipur,1.0
prince_rabban,1.0
pritam_patidar__,1.0
priya.panwar_,1.0
priya_banshiwal15,1.0
priyaankk_sharma,1.0
nikhil_jain199,1.0
007__sawan__soni,1.0
nikhil2212,1.0
model_in_nadiad,1.0
mj_bsr874,1.0
mk.cho.75,1.0
mk.janwa,1.0
mlsu_bhupendra_singh_rao,1.0
mlsu_gorav,1.0
mlsusanjay,1.0
mo.hit_sin.gh,1.0
mo.nu4141,1.0
modallll_dev_anjana,1.0
mohan.prajapat.92505956,1.0
mohitsisodiya06,1.0
mohit.20_,1.0
mohit___yadav,1.0
mohit_p_1999,1.0
mohit_sharma_mlsu,1.0
mohit_singh_babarwal,1.0
mohit_t_h_a_k_u_r,1.0
mohitchoudhary771,1.0
mohitjain9929,1.0
mohitmenariauccms,1.0
mitu_jadhav_,1.0
mitthu_lal_dangi,1.0
mittal_sen,1.0
mithun.meghwal.3,1.0
menariapooja60,1.0
menariya313,1.0
menariya_ji,1.0
menariya_mahesh199,1.0
menariya_nitesh,1.0
menariyank,1.0
mepuranpatel_333,1.0
meraezshaeikh,1.0
mewar_baisa,1.0
mewara_girl,1.0
mewara_harsh_,1.0
mewarakirti,1.0
mewatiayub,1.0
mhadev_.ka.divana_,1.0
miladmasroor5,1.0
misanokhi,1.0
miss_5ft_9inch,1.0
miss_ritu__55,1.0
miss_soni__,1.0
mohitsinghshekhawa,1.0
mohitsoni3345,1.0
mehul_solanki_97,1.0
mr.bilwal_rohit,1.0
mr._r_k____dhaker_5000,1.0
mr._ramsaa_dhakr,1.0
mr._shobhik_sharma,1.0
mr._vinu_dkd_07,1.0
mr._vip1608,1.0
mr._yashu_maratha,1.0
mr.ad_sha,1.0
mr.akash_234,1.0
mr.banna2,1.0
mr.bishnoi__29,1.0
mohitsutharz_,1.0
mr.chouhan32,1.0
mr.dabhi_saheb_7773,1.0
mr.dhakad_vikram,1.0
mr.gadri_raju,1.0
mr.golu1407,1.0
mr.harsha_hp_rss,1.0
mr.hitzzbathera,1.0
mr.j_a_y_e_s_h_07,1.0
mr.jassu7,1.0
mr._navs__09,1.0
mr._mansuri786,1.0
mr._manish_patidar,1.0
mr._kundan_,1.0
mohitswami97,1.0
mohsin_mewati_,1.0
moinahemmadkhan,1.0
monikarajput44,1.0
monikasiddh,1.0
monu_vaishnv,1.0
monukalirawna2020,1.0
moonkhan1154,1.0
motorbikeshdwallpapers,1.0
moulanasamaan,1.0
mr.____shadow,1.0
mr.___deepak,1.0
mr.___purbiya__govind143,1.0
mr.__shubham_shrimali,1.0
mr._ajju_007,1.0
mr._ash786,1.0
mr._bhavya_jain_30,1.0
mr._dhakad20,1.0
mr._dinsaa_panwar,1.0
menariakittu98,1.0
mehul__patidar,1.0
mr.lalit.1999,1.0
manish_meharchandani,1.0
mamraj_dhaker6244,1.0
man_united_fans_53,1.0
manaka__da__munda,1.0
manav_choudhary0235,1.0
mangal_patel_mp17,1.0
mani_dhakad_md,1.0
manish085,1.0
manish4748mk,1.0
manish__dhaker,1.0
manish_sharma744,1.0
manishprajapat8764,1.0
manish_suna,1.0
manisha_jat_03,1.0
manisha_patidar_123,1.0
manishasharma224,1.0
manishchoudhary4102,1.0
manishchoudhary6919,1.0
manishdhakad396,1.0
manishkumar.dhaker,1.0
manishnayak227,1.0
malviya_bhavesh05,1.0
malviya3523,1.0
mahtabmubarakali,1.0
mahmooda13,1.0
mahdi_kohi9359,1.0
mahendra._ptl,1.0
mahendra.khatik.3158,1.0
mahendra_banna_4380,1.0
mahendra_gujjar2131,1.0
mahendra_pratap_singh_th.mewar,1.0
mahendrabeshra,1.0
mahendrajat4593,1.0
mahendrasanwa,1.0
mahesh.sain,1.0
mahesh___3005,1.0
mahesh_joshi_mlsu,1.0
mahesh_kabra420,1.0
maheshwariram1999,1.0
mahi_banna__7773,1.0
mahi_name_to_suna_hoga,1.0
mahii_rocks_07,1.0
mahimach004,1.0
mahipal_singh__jodhpur,1.0
manishpatidar200,1.0
manju.gurjar,1.0
mehal_khichi,1.0
me_balwant_choudhary,1.0
mayank_gaur_909,1.0
mayankrathod305,1.0
mbunkar45,1.0
md.dhakar,1.0
md.real.9081,1.0
md.shahjahan_98,1.0
md_waris_ahmed,1.0
md_yeasinur_rahman,1.0
mdinudinesh,1.0
meenakshi16.verma,1.0
manna___sarai_,1.0
meenu5831,1.0
meerasoni_,1.0
meghwal6312,1.0
meghwal6873,1.0
meghwal_himanshu,1.0
meghwal_nils,1.0
meghwalhitesh,1.0
meghwalsharvan,1.0
meghwanshi_boy1876,1.0
mayank_fozzi,1.0
mayank____choudhary,1.0
mayank.04,1.0
maya_dhaker_241,1.0
mannu_52,1.0
mannu____26,1.0
mano_j.6333,1.0
manoelbarrosdabreu,1.0
manohar_chouhan7773,1.0
manohar_rathore_,1.0
manoj5003,1.0
manoj_dhakad27,1.0
manojjaiswal2969,1.0
manojmeena.007,1.0
manojsaa4,1.0
manojsaini372,1.0
mansijain005,1.0
manthan_sharma_official28,1.0
manu_aanjana,1.0
manudhakerdhaker,1.0
manuvel_alastair_,1.0
marwad_d.s.r._banna_sa,1.0
mattaashish,1.0
mr.kator.saab,1.0
mr.manish_1429,1.0
nik_meena_1999,1.0
namrta_vaishnav,1.0
myself.sur,1.0
nadeem_ahmad09568,1.0
nagda_sandeep,1.0
nageshmali3233,1.0
nagpal_singh_chouhan_7773,1.0
najim1732,1.0
naksh_gadwal2020,1.0
naman11305,1.0
naman_jainnn30,1.0
nandanichouhan0501,1.0
narayan_pdhiyar,1.0
nandita_muzumder143,1.0
nandkishor.meghwal.777,1.0
nandkishor8446,1.0
nandkumar_singh_,1.0
nandsa_63,1.0
nanudhaker,1.0
napsa_maharastra_jewellers,1.0
narayan.dangi.027,1.0
narayan.saini.23,1.0
muskankhokhawat4881,1.0
muskan._.30,1.0
murlidool,1.0
mundania_himanshu,1.0
ms.bittu.dhaker,1.0
ms.sahu.524,1.0
msandeep97,1.0
mu_skan4256,1.0
mukes_09,1.0
mukesaa_rj_09_,1.0
mukesh.meghwal.mlsu,1.0
mukesh_gujjar_fagna_,1.0
mukesh_k_janwa,1.0
mukesh_parmar__29__,1.0
mukeshjajad,1.0
mukeshjat1432,1.0
mukeshjat9680,1.0
mukeshjoshi.k,1.0
mukeshpaliwalbalaji,1.0
mukeshpurbiya28,1.0
mukeshteli8723,1.0
mukil9797,1.0
mukul.choudhary26,1.0
narayan__rawat,1.0
narayan_singh76623,1.0
mrramsoni,1.0
neeturathore84,1.0
neelamjangid99,1.0
neeraj_babel,1.0
neerajnagda_07,1.0
neerajsharma1197,1.0
neerajsharma8309,1.0
neeru_rao6404,1.0
neeti.10,1.0
neetmusic,1.0
neetu9056,1.0
neha.sutha,1.0
narayanjat.narayanjat.712,1.0
nehal_hn_571,1.0
rajsharma446,1.0
nehu_soni0109,1.0
neymish__parmar__07,1.0
ni.8287,1.0
nicksaaa_hkm,1.0
nihalkalrak31,1.0
niharika9526,1.0
niiivy_,1.0
neelam.soni.14268,1.0
neel555655,1.0
nayanchoudhary123,1.0
nayan_cricketer00,1.0
narayanrajak4414,1.0
narayansingh2634,1.0
narendar.dhakad,1.0
narendra_dhaker_555,1.0
narendra_purbiya,1.0
narendra_vaishnav4855,1.0
narendraaajana,1.0
narendrad.patel,1.0
naresh5984kumar,1.0
naresh_dkd_,1.0
nareshsingh.shekhawat.336,1.0
narpatsingh.ra,1.0
narwar_singh_asoliya,1.0
nature_king143,1.0
naveen_bamboriya_09,1.0
naveen_dhupar,1.0
naveen_dkd,1.0
nawab_manish2730,1.0
nayan.prajapat.96,1.0
mrz_badal,1.0
mrdeepu_sen,1.0
mr.pankajdhakad.ak47,1.0
mr_dhaker_saah_5000,1.0
mr_arvind__ak47,1.0
mr_arvind_dkd,1.0
mr_ashik_mansuri,1.0
mr_avinash_patel_nbh,1.0
mr_azizul_07,1.0
mr_babsaa_024,1.0
mr_chiku_banna_07,1.0
mr_deeps_jaihind07,1.0
mr_dhakar_07,1.0
mr_dik_saa_wagad_7773,1.0
mr_khamesra_,1.0
mr_dpk_menariya,1.0
mr_fallu_12,1.0
mr_govin56,1.0
mr_harpal_5795,1.0
mr_harshit_dhakad,1.0
mr_honey_926,1.0
mr_irfu_021,1.0
mr_jagdish_chouhan,1.0
mr_k_tank09,1.0
mr_anilsalvi2001,1.0
mr_anil_garg,1.0
mr_akshu05,1.0
mr_ajaz_khan_001,1.0
mr.patel_dkd,1.0
mr.perfect_hc,1.0
mr.rahul_dhakad,1.0
mr.rahul_official143,1.0
mr.rakeshkashyap96,1.0
mr.sid__dhakar2000,1.0
mr.sumit_sen,1.0
mr.sweetu_salvi,1.0
mr.vinnu.india,1.0
mr.yadav.ji67,1.0
mr.zehen536,1.0
mr____anand__0437,1.0
mr____raj143,1.0
mr____rohit,1.0
mr____tushar__0999,1.0
mr__a_j_j_j_u_,1.0
mr__haleem__khan,1.0
mr__ravidaa,1.0
mr_aanjana_here,1.0
mr_keshav_meghwal,1.0
mr_kiloriya_ji_ak47,1.0
mrbharat11,1.0
mr_surajsingh_,1.0
mr_rahul.sa,1.0
mr_raku_04,1.0
mr_ram_dhaker,1.0
mr_rn_dkd_bohra_rj_09,1.0
mr_sagar_suthar,1.0
mr_sahu77,1.0
mr_salman_khan_1313,1.0
mr_sanjay_parihar,1.0
mr_sonu_shk,1.0
mr_vikas.dhaker201,1.0
mr_kuldeep_jingar,1.0
mr_viku_143_,1.0
mr_vishal.420,1.0
mr_vishnu_jangid_82,1.0
mr_vishu_06_17,1.0
mr_vishu_24,1.0
mr_vk_dhaker_5000,1.0
mr_vkay_143,1.0
mr_ysh_,1.0
mr_yunus_111,1.0
mr_raghuvanshi2908,1.0
mr_r.k_rao.sa,1.0
mr_pulkit_mani_17,1.0
mr_pintu_p143,1.0
mr_kushl_jain,1.0
mr_labana77,1.0
mr_laxman_yogi_ji,1.0
mr_lk_dhkr_ak47,1.0
mr_lokky,1.0
mr_love_king_07,1.0
mr_m_a_a_h_i_09,1.0
mr_manish_dhaker_5000,1.0
mr_manoj_3993,1.0
mr_mayur_patel1204,1.0
mr_mohit_kumawat,1.0
mr_moji_420,1.0
mr_navin_sen_420,1.0
mr_official_nk_dhaker,1.0
mr_official_vikas_dhaker_007,1.0
mr_pandit_boy_,1.0
mr_pankaj_dhakar,1.0
mr_pawan_d,1.0
mr_pawan_malviya_01,1.0
rajsaha4266,1.0
rajvishvakarma9999,1.0
rajsuryak,1.0
the_villain_ajy,1.0
thanna_saroj1702,1.0
the._unpredictable,1.0
the_cutie_pie_8,1.0
the_king_pahadiya_,1.0
the_kohliii_,1.0
the_moon695,1.0
the_name_is_hera,1.0
the_rajveer_saa,1.0
the_sandeep_chouhan,1.0
thedashana,1.0
thakurrahult,1.0
thehemantrandive,1.0
thejasvant,1.0
thevinayaksuthar,1.0
tincyteresa,1.0
tinku_choudhary_,1.0
tiya.choudhary.129,1.0
tk__choudhary,1.0
tofananjana,1.0
toshi4050,1.0
thalhath31,1.0
thakur_pannu001,1.0
sonukumawat0850,1.0
tarunyadav14,1.0
tailor_pritam,1.0
tajhairsalonspa,1.0
tanishka_rathore_2406,1.0
tanudkd,1.0
tarique_jamil10,1.0
tarun_choudhary123,1.0
tarun_joshi_rj.27,1.0
tarun_tarun_raw,1.0
tarunrathore2021,1.0
taufikasma07,1.0
thakorsachin26,1.0
tea.lover__jp,1.0
team_akash_khatik_2k20,1.0
team_vijay_dhaker_,1.0
teenachoudhary55,1.0
teenadhakad66,1.0
tejsvisoni,1.0
tejveer_sena_salwa_khurd,1.0
tera_yarr_nk,1.0
tg_tarungupta,1.0
tosif_51,1.0
tosif_ash_king_,1.0
traphographer_,1.0
vandana_595,1.0
user_not_found9292,1.0
utkarsh_57_,1.0
v_a_i_s_h_n_a_v____,1.0
v_kay_raj,1.0
vadklepesh,1.0
vaibhav_sharma101,1.0
vaishnav.akash.18,1.0
vaishnavanjli1234,1.0
vaishnavhimank,1.0
vandanaanjana,1.0
trilokmali7777,1.0
vandanadkr,1.0
varmanilzv90,1.0
varnotichinmay,1.0
varshadhaker12,1.0
vartikadhaker,1.0
veer.rawat596,1.0
veer_18k,1.0
veerbhadrasingh_,1.0
veerpratapsinghchouhan0306,1.0
ur_charm_priyanshu,1.0
upsidedown_blackhawk,1.0
upadhyay_soorajsharma,1.0
upadhyay1153,1.0
tulsi_das_vaishnav,1.0
tulsiram_rawat_mlsu,1.0
tushar_ameta_,1.0
tushar_parihar_786,1.0
tushar_prajapati_6765,1.0
tushar_vyas789,1.0
tusharivnati,1.0
typowa_katarzyna,1.0
u.k_0809,1.0
uda273,1.0
udaipur_top_models__,1.0
udysinhcunddaavt,1.0
ultra.lk.dhaker,1.0
umadhaker5,1.0
umenariya,1.0
umesh__prakash,1.0
umesh_prajapat_6699,1.0
umesh_purbia12,1.0
umeshsen240,1.0
tabrezkhan93,1.0
t.anjana_,1.0
sweety_girl_mannu_,1.0
sundesha.raj,1.0
sukhwal_sanjay,1.0
sumant_dhakar,1.0
sumit2875,1.0
sumit_solanki_2141,1.0
sumit_upadhyay05,1.0
sumutiwari1999,1.0
sun_shine_ani_,1.0
sun_suthar,1.0
sunaniindro,1.0
sunil.kumar7799,1.0
suniljatmangrol,1.0
sunil.sarswat.1650,1.0
sunil_gujjar_06,1.0
sunil_jat7,1.0
sunil_pahadiya_mlsu,1.0
sunil_patel456,1.0
sunil_poptani,1.0
sunil_sunani1,1.0
sunilarya9580,1.0
sunilgurjar09.16jnv_,1.0
sujithmg7,1.0
sujeet_kushwaha1,1.0
suhel_kha7860,1.0
sudeep_vishawkarma,1.0
sonusen1463,1.0
sonusonu6648,1.0
sourabh_agrwal,1.0
sourabh_singh_chawda,1.0
souravbiswas_21,1.0
spdhaker1,1.0
spr_deepak,1.0
sreyans_modi_evento_,1.0
srishti2025,1.0
sroy97871,1.0
srtian_forever_,1.0
star_pubg_tournament,1.0
stark3404,1.0
starpavandhaker,1.0
status_katt_a,1.0
stoned_bhaiya,1.0
su_mit7366,1.0
subhas.dhaker,1.0
subhas_dhakad07,1.0
suniljat252,1.0
sunilpaliwal_09,1.0
sweeti.thakur.1048,1.0
suthar.laxman.84,1.0
sureshprajapat35,1.0
sureshsolanki_0537,1.0
suru.dkd,1.0
suru_121,1.0
suryabhan_13,1.0
suryaparkashson,1.0
suryaprakash_verma_hockey,1.0
sushil_raj_mali_mlsu,1.0
suthar.balram,1.0
suthar1014,1.0
sunilrao5126,1.0
suthar6928,1.0
suthar_kamlesh_16_10_92,1.0
sutharkanya1172,1.0
suurecaa,1.0
swag_girl_vini,1.0
swagger_.baba_,1.0
swagger_shivam_007,1.0
swapnilgotmare5,1.0
sweetgirlsoni1430,1.0
sureshmadania,1.0
sureshlangesha,1.0
suresh_vaishnav_1,1.0
sures9443,1.0
sunilsen232,1.0
sunita.jat931,1.0
sunny__baagh,1.0
sunny_aanjna,1.0
sunny_dhaker_143,1.0
sunny_kalyan143,1.0
sunny_mandal_09,1.0
sunnyedward_,1.0
sunsa_game,1.0
suraj.singh3586,1.0
suraj2572singh,1.0
suraj_banna_mewar,1.0
suraj_nsui,1.0
surajdangi_,1.0
surajmalipatel,1.0
surajwani92,1.0
surbhisheenusoni,1.0
surendra_bairwa1997,1.0
surendrasharma395,1.0
verma_mohit605,1.0
vi.shnu8879,1.0
vi_ja_y_me_ht_a,1.0
wlcm_manas_city,1.0
volleyashish,1.0
vp__sahu,1.0
vtr540,1.0
vyass0367,1.0
walid__khan,1.0
wanderwith_rahul,1.0
wanted6649,1.0
werewolf____18,1.0
whokaitantailor,1.0
x.edit_photoshop,1.0
yajiv_evol_,1.0
x_x__alone_love__xx,1.0
xtylish_mafiya_raj722,1.0
xx.freak_alfu04,1.0
xx_.rishab.__xx,1.0
xx___gstar___xx,1.0
xx_deepanashu_xx,1.0
y.u.v.r.a.j.05_a,1.0
y_u_k_k_i_i_007,1.0
yadavmehul_45,1.0
vkydhakad,1.0
vjoshi_,1.0
vivekvishwakarma163,1.0
vivekanjana76,1.0
vishaljat48,1.0
vishaljat8048,1.0
vishalkatara22,1.0
vishallaanjana,1.0
vishalnayak378,1.0
vishalverma3745,1.0
vishhh99,1.0
vishnagayari,1.0
vishnu.menaria.uccms,1.0
vishnu_hakawadiya,1.0
vishnu_samriya01,1.0
vishnuakz12,1.0
vishnujathathiyana,1.0
vishnujatiya58,1.0
vishnusanjnarao,1.0
vishu.brand184,1.0
vishu__suyal_smb,1.0
vishu_p12_itsvishofgods_,1.0
vishun_sahu_gilund,1.0
yaduvanshi_ravi,1.0
yash.janwa.16,1.0
vishal_narwadiya_dhakad_saa,1.0
yuuuuviiiii,1.0
yogesh_kumar_31_,1.0
yogesh_yk_799,1.0
yogesh_yogi_5704,1.0
yogeshpatel7989,1.0
yogitbhatt01,1.0
yograj955,1.0
youvi_banna7742,1.0
yp_dhaker,1.0
yudhisthir_janwa,1.0
yuv.ik,1.0
yash1_4_3_,1.0
yuvraj779,1.0
yuvraj__singh__jhala,1.0
yuvrajanjanayuvrajanjana,1.0
yuvrajpawar217,1.0
zanyar8935,1.0
zeinadini_,1.0
ziddi._chhora,1.0
ziddi_jaat_vinay,1.0
ziddi_jat_822,1.0
yogesh_khatik345,1.0
yogesh_harmoravat,1.0
yogesh112171,1.0
yogendradevda,1.0
yash__darak,1.0
yash__kharadi,1.0
yash_dhakad_007,1.0
yash_dhakad_06,1.0
yash_r4488,1.0
yashikarathore76,1.0
yashjoshi_bhudev,1.0
yashlalwanisby,1.0
yashpal_singh_bhati_desuri,1.0
yashu1430,1.0
yashu_dangi,1.0
yashu_dhaker1,1.0
yashwant_patelsa123,1.0
yashwantchoudharynsui,1.0
yatiswt93,1.0
yewr.unknown__stalker,1.0
ym_tomal,1.0
yo.gesh6774,1.0
yogendra_singh_111,1.0
vishal_prasad05,1.0
vishal_nagda_5,1.0
vibe__11__,1.0
vikaskhoiwal_111,1.0
vikas.vishnoi_,1.0
vikas__dhakar_333,1.0
vikas_dangi_mlsu,1.0
vikas_ronaldo,1.0
vikasalreja,1.0
vikasdhakr1997,1.0
vikashchin,1.0
vikashchoudhary1245,1.0
vikashmishra7236,1.0
vikaslaxkar_2,1.0
viku_dhakad,1.0
vikasvaishnav899,1.0
vikki_dhakad_45,1.0
vikram_dhakad_jaihind,1.0
vikram_gadri,1.0
vikram_janwa_kabaddi,1.0
vikram_pratap_singh_rathore,1.0
vikramprajapat4708,1.0
vikramsingh_devra8647,1.0
vikramsinghrathore72,1.0
vikas.jangid_abvp,1.0
vikad51,1.0
vijjuanjana,1.0
vijesh.parmar.549,1.0
vice_president_arts_college_,1.0
vicky_yadav_20,1.0
vickygujjarkairot,1.0
vickygurjar143,1.0
victor._.n10,1.0
videsh_dhaker,1.0
vidhyadhaker,1.0
vidyaratanxx,1.0
vihan_vaishnav_20,1.0
vihanpatel1432,1.0
vii__shal,1.0
vijay.loh4,1.0
vijay__meghwal,1.0
vijay_banna_ak_47,1.0
vijay_chandu_333,1.0
vijay_kamesh,1.0
vijaydhaker111,1.0
vijaypal_singh_charan,1.0
vijaypranit7729,1.0
viksajaat3513,1.0
vilu_janwa,1.0
vishal_nagda2,1.0
virendrasingh_7,1.0
vipulll_jaat,1.0
vipz__,1.0
vir_dhakad_,1.0
viraj9193,1.0
virajrjking,1.0
virat_padiyar,1.0
viratsolanki2121,1.0
viratt_vaishnav04,1.0
virendradhaker_5000,1.0
virendrasinghrathore75,1.0
vimalmegwal,1.0
vishaalshmaan,1.0
vishal._41,1.0
vishal.aanjana_,1.0
vishal.dhaker745,1.0
vishal.gahlot06,1.0
vishal_123114,1.0
vishal__bhati_,1.0
vishal_jat_mlsu,1.0
vishal_khatik_18,1.0
vipulgurjar28,1.0
vipul.vaishnav.71,1.0
vipul.anjana,1.0
vipinjat004,1.0
vinay_saroj15,1.0
vinay_sen_13,1.0
vinay_yadav_00007,1.0
vinaykattmani,1.0
vince_prince_official,1.0
vinit2107,1.0
vinita_menaria21,1.0
vinnu_choudhari,1.0
vinod_0235,1.0
vinod_dhaker222,1.0
vinodjangid4287,1.0
vinodprajapati5295,1.0
vinodrao6376,1.0
vinsa_j,1.0
vipaniload,1.0
vipin.chandra_,1.0
vipin_aanjna,1.0
vipin_anjana,1.0
vipin_jat6168,1.0
sonuloveanil,1.0
sonu_prasad5,1.0
raju_dangi5997_mlsu,1.0
ronak_jalwa,1.0
rohit_labana_,1.0
rohit_sapra15,1.0
rohit_sunani,1.0
rohitas_singh_chouhan,1.0
rohitchoudhary555.rc,1.0
rohitjanwa34,1.0
romeo_durga,1.0
romilchoudhary_nsui,1.0
ron_sharma_ronak,1.0
ronakraj_singh,1.0
rohit_dkd,1.0
ronaksingh585,1.0
roni_00777,1.0
ronit_choubisa,1.0
ronit_jitendra_handloom,1.0
ronitmoolchandani,1.0
roopkunnu,1.0
roshan_bhandure,1.0
roshan_patel_mlsu,1.0
roshanjangid4841,1.0
rohit_jaiswal9,1.0
rohit_anjana_08,1.0
sonu_hr_raja143,1.0
rn303984,1.0
rk___swarnakar9872,1.0
rk_gawariya_143,1.0
rk_prajapat_018,1.0
rk_since2000,1.0
rkbhardwaj835,1.0
rkdhaker,1.0
rkdrahulvaishnav,1.0
rm850402,1.0
rmukingroman,1.0
ro.hit4265,1.0
rohit_aanjana_patel,1.0
rockdipesh7984,1.0
rocki_jems777,1.0
rocky_dhaker143,1.0
rohan_malik59,1.0
rohan_rj09,1.0
rohit.dhaker,1.0
rohit.kumer.925,1.0
rohit133raj,1.0
rohit__dhakad,1.0
roshanroshan6028,1.0
royal.tadvi,1.0
royal_brand_skt,1.0
sagarverma943,1.0
sachin___rathore,1.0
sachu5256,1.0
sadeg1562,1.0
sagar_chandel_242,1.0
sagar_soni_555,1.0
sagarbhilrj09,1.0
sagardhakarucos,1.0
sagarpatidar421,1.0
sagarsharma3199,1.0
sahal_sz_,1.0
royal_durgesh_saa999,1.0
sahil_khan_8560,1.0
sahils5418,1.0
sahilsharma6527,1.0
sahinbey7575,1.0
sahu.bhagchand,1.0
sahunarayanlal,1.0
sahuraj436,1.0
sahuravi157,1.0
saini_sahab774,1.0
saayush048,1.0
sa_khan_17,1.0
s_u_m_i_t_saa,1.0
s_nagar0157,1.0
royal_ramdayal01,1.0
royal_raypal_banna,1.0
royalchouhan7773,1.0
ruchi_tailor,1.0
rudra.choudhary,1.0
rudra_pratap_singh____7773,1.0
runa_hjerrild,1.0
rupesh7366ayush,1.0
rv_dhaker,1.0
rv_raj_meena,1.0
rza_lucky_me,1.0
s.n.j.u_44,1.0
s.r._choudhary143,1.0
s.u.n.il.k.u.m.a.r,1.0
s4sunil593,1.0
s__.ilv.__0.02_,1.0
s_ahukuldeep,1.0
s_i_d_d_j,1.0
s_k_2055,1.0
rk8315,1.0
rk._mandawaria,1.0
rjchoudhary4535,1.0
rao_innocent__akki_,1.0
ranaabrar8596,1.0
random_idiot__,1.0
ranjanadhaker,1.0
ranjeet.ahir_9929,1.0
ransa_lunawas,1.0
ranu_prince_choudhary_,1.0
rao_anil_singh_,1.0
rao_bhupendra_singh,1.0
rao_dharmendra__rj_09,1.0
rao_shaab_58,1.0
ravan0021,1.0
raosa_ak47,1.0
rasharma4162,1.0
rashmiahuja_,1.0
ratan_singh_thkadmali,1.0
rathish_27,1.0
rathod_sahb,1.0
rathor_saloni,1.0
rathore___deep,1.0
rathore_karan_banna,1.0
rana_srk_bawa,1.0
ran_v_banna,1.0
ramvilashdhaker_143,1.0
ramsinghthakur65,1.0
raju_jaat_6330,1.0
rajudassadurajudass,1.0
rajulal.ahir.1,1.0
rajveer_singh_chhatardi18,1.0
rajveersinghh__,1.0
mafiya_boy_gd,1.0
rakesh_kumawat_r.k,1.0
rakshanda77,1.0
ram_dkr,1.0
ramakantsainice,1.0
ramanpalsinghjadoun,1.0
ramesh_bishnoi_51,1.0
ramesh_choudhary_mlsu,1.0
rameshwar1740,1.0
ramgopal.dha,1.0
ramgopal_dhaker,1.0
ramjasdhaker0172,1.0
ramkishan_mandara_007,1.0
ramkishan_sarsi_143,1.0
rathoremansa1,1.0
ravi9551singh,1.0
rj_o9_king_of__gopal_raj_,1.0
rishabhjain0108,1.0
reshuu5298,1.0
revolver_rani_maya,1.0
ridhy_9045,1.0
rimspoonia,1.0
rinkaljainnn,1.0
rishab_bhatnagar220,1.0
rishabh_7773,1.0
rishabh_dagle_,1.0
rishabh_jain_17_10,1.0
ritesh______joshi125,1.0
ravi_chaudhary_9,1.0
ritesh_joshi_pandit,1.0
ritikahir403,1.0
ritiksuthar4520,1.0
ritsabaman,1.0
ritusa_2426,1.0
rj06__vikramsingh__25,1.0
rj09_mr.bhagsa_offical,1.0
rj_09_vins,1.0
rj_35_sunny_bawa,1.0
rekha8082,1.0
reenasoni630,1.0
reedam04,1.0
red_sparow39,1.0
ravi_dakh,1.0
ravi_saini_214,1.0
ravibabumenariya9,1.0
ravijat940,1.0
ravikhoiwal.volley09,1.0
ravikumar_prajapat,1.0
ravimeena9619,1.0
ravin_choudhry,1.0
ravina_dhaker,1.0
ravinadangi,1.0
ravinajat_01,1.0
ravindra__singh__baloda,1.0
ravindra_gorana_428,1.0
ravirajsingh823976,1.0
raypuraharesh,1.0
razzaan72,1.0
rbmindana,1.0
rbs_ritu_kumar,1.0
rd_dhakad_ak47,1.0
sainiyash456,1.0
sajshafin044,1.0
sakshi.sks,1.0
shubhamsharma72522,1.0
shubambarjatya,1.0
shubham.chaturvedi.9615,1.0
shubham___dongre,1.0
shubham_bandwal,1.0
shubham_choudhary111,1.0
shubham_parth_1313,1.0
shubham_soni_022,1.0
shubham_soni_3766,1.0
shubhamdhaker01,1.0
shubhamsoni9016,1.0
siddhraj_banna_222_,1.0
shubhamupadhyay5051,1.0
shwetasoni97,1.0
shyam_sa_chundawat9610,1.0
shyamdamor51,1.0
shyamlalmahanand,1.0
shyamsundermaru,1.0
siddharth_dhaybhai,1.0
siddharthjain285,1.0
siddharthraj_kushalpura,1.0
shrvan_ranawat,1.0
shrvan_dhaker,1.0
shrutirohit,1.0
shri_ramsoni,1.0
shivam.choudhry.9081,1.0
shivam_ameta______,1.0
shivam_karda_mlsu,1.0
shivani_agwal,1.0
shivanisuthar13,1.0
shivaniyadav7088,1.0
shivbhakt1995,1.0
shive_sanadhya,1.0
shivi0628,1.0
shivlalsharma8290,1.0
shivpal.singh.7773,1.0
shivraj_harpal,1.0
shivrajfitnees,1.0
shivramgurjar_khatana,1.0
shlokaachera,1.0
shobhraajdevaasii,1.0
shonaaa07,1.0
shreshtha_rani,1.0
shreyaaa_023,1.0
siddharthsoni_inc,1.0
sidharthsahu9,1.0
shiv.srchoudhary,1.0
soni_dikhsa,1.0
sohanpatel586,1.0
sohanvishwakarma3,1.0
sohidolrovin,1.0
sokat.aali_khan7393264,1.0
solanki.official_09,1.0
somesh_anjana_,1.0
sona.arjun,1.0
sonaa5500,1.0
sonali_sj,1.0
sonig905,1.0
sidjainnn,1.0
sonilaxit7497,1.0
soniritik016,1.0
soniya2banu143,1.0
sonu.sd.4482,1.0
sonu_635r,1.0
sonu__dhaker,1.0
sonu_ahir_nsui,1.0
sonu_dhakar2207,1.0
sonu_dhaker_,1.0
sohan__sa.__dal._,1.0
sobhu_gujjar,1.0
so.nu1678,1.0
sneha08402,1.0
silky__8,1.0
simichoudhary5,1.0
singh.pravin.aiet,1.0
singh.surendara,1.0
singhanirudhr,1.0
sk.babu3044,1.0
sk_afreed_ali,1.0
sk_sunil_rj09,1.0
skabdul.kahar,1.0
sky_king_nishant,1.0
smalvi0011,1.0
smart_boy_honey_,1.0
smarty___girl___143,1.0
smarty__boy_parv_,1.0
smarty_yuvi_banna,1.0
smartyboy_shailendra,1.0
smartysawannnnn,1.0
smartyyugalrao,1.0
smayank._,1.0
shiv_rathore_falasiya,1.0
shiv.namdev.758,1.0
sakshisoni6712,1.0
sanjubaba199o,1.0
sanjay_changeriwal,1.0
sanjay_mobarsa_098,1.0
sanjay_patel_2917,1.0
sanjay_vaishnav67,1.0
sanjay_vaishnav_09,1.0
sanjaymeena364,1.0
sanju_baba_14u,1.0
sanju_das_5331,1.0
sanju_dkr_1433,1.0
sanjudhakd,1.0
saransohanlal,1.0
sanjugavari,1.0
sanketagrawal_ucos,1.0
santy_boy_sd.90,1.0
sanu_dhaker,1.0
sanudhakar__,1.0
sanwariyadilkush,1.0
sanzu_dkd_0143,1.0
sapna.kumawat.73700,1.0
sappu_kiloriya,1.0
sanjay__menaria,1.0
sanjay.swarnkar_,1.0
sanjay.samriya,1.0
sanjay.choudhary.507027yawa113,1.0
sallowbhai,1.0
salvi7296,1.0
salvisuraj702354,1.0
sameeksha_chaturvedi,1.0
sameer220494,1.0
sameer_nayak_mlsu,1.0
sammeghwal,1.0
sampat_dangi,1.0
samrat_babu_143,1.0
sandeep_aanjana07,1.0
sandeep_dhaker_,1.0
sandeep_hudda,1.0
sandeepanjana_23,1.0
sandeepmeena652,1.0
sandeepsingh_1111,1.0
sandy_dhakar_777,1.0
sandydkr,1.0
sangram_udawat_rj19,1.0
sanil.nayak,1.0
sarangdevot_gaju,1.0
saraswat1980,1.0
shiv.ch.583,1.0
shariq.mark_0,1.0
shaktisingh6422,1.0
shaku.janwa,1.0
shambhavi______pareek,1.0
shan__choudhary,1.0
shankar__janwa,1.0
shankar_dangi_mlsu,1.0
shanti_lal_regar,1.0
shantilal.menariya,1.0
shantnubhatt,1.0
sharma_hitesh_07,1.0
saraswati.bagh.946517,1.0
sharma_ji.i,1.0
sharmanitesh73,1.0
shashikant_meena_,1.0
shatrughn_dhaker_555,1.0
sheetal_1507,1.0
shekhar.rao.12,1.0
shikha2430,1.0
shikha_bamboriya,1.0
shinchann_19,1.0
shaktisingh.chundawat.731,1.0
shaktawatshersingh99,1.0
shaktawat.deependrasingh,1.0
shailesh_prajapat03,1.0
sarkar_7725,1.0
sarthik_choubisa,1.0
sashankmali07,1.0
satish_choudhary_mlsu_,1.0
sattu.beer,1.0
sattu_thanna_777,1.0
saud_team_07,1.0
saurabhsamdani4,1.0
sbeeventsudaipur,1.0
sel.137,1.0
shaan_paneri,1.0
shahi_djr,1.0
shahidur.msr,1.0
shahjada_phulia,1.0
shahrukhkhan00704,1.0
shahrukhkhan061098,1.0
shailesh_gorana7773,1.0
shailesh_kataria,1.0
shailesh_meghwal,1.0
mahaveer4826,1.0
m_r_pandit,1.0
mafhiya_khatik_143,1.0
balwant_janwa,1.0
baisa6792,1.0
baisa_dk__vaghela,1.0
baisa_rinkuhada,1.0
balkishan.dhaker,1.0
balkishanbk,1.0
balkishanteli22,1.0
balmukund_dkd_07,1.0
balram__sharma,1.0
balwant4122,1.0
balwant_singh_chainpura_mlsu,1.0
badalsen123,1.0
balwant_singhjhala,1.0
balwantjatbalwantjat,1.0
balwantsingh875,1.0
bamboriya_pooja,1.0
banjee_9438,1.0
banna_devendraa,1.0
bannu_dhaker,1.0
banty_beer_515,1.0
banwari.333,1.0
bairwa.dhanraj,1.0
badal_chandel_kurabad_,1.0
anshul_parmar_surajpole_mewar,1.0
bablesh_dhakad_,1.0
axay_tailor7,1.0
ayush.anjana,1.0
ayush_1_28,1.0
azzu_officail_,1.0
b.n._dhakad,1.0
b.n_mukesh____,1.0
b_4_bittu95,1.0
b_k_vai00,1.0
b_sarj09,1.0
babli6408,1.0
bad_boi_1317,1.0
bablu.prajapat.5245,1.0
bablu2351,1.0
bablu_dhaker3670,1.0
babludhaker2k20,1.0
babludhaker707,1.0
babu.dhakar.7,1.0
babu_7773,1.0
babuahir316,1.0
babugurjar09,1.0
banwari_dhakar_mlsu,1.0
bawa__sanju,1.0
bcbittu,1.0
bhavesh_havliker_13_11_1999,1.0
bharatkumawat6182,1.0
bharatpatel.58118,1.0
bharatprajapati548,1.0
bharatsen300,1.0
bharatsingh5892,1.0
bhardwaj_harshil,1.0
bharti_tanan,1.0
bhartiya_ji,1.0
bhati_baisa08,1.0
bhavesh_kumawat2314,1.0
bdhakad27,1.0
bhavesh_panwar_23,1.0
bhavish_mali98,1.0
bhavya_gadiya,1.0
bhavya_nalwaya,1.0
bhawani_saran,1.0
bheru_lal_jat_udaliya,1.0
bherugarwa_ucos,1.0
bherulal.choudhary.9231,1.0
bherusinghrajawat,1.0
bharatdhaker1616,1.0
bharat_dhakar_,1.0
bharat_desai___,1.0
bharat_bose_gs_ucos,1.0
beerchintu,1.0
being_mr.ajeet,1.0
believe_me_person_anil,1.0
ben10_boy_deepak,1.0
bestbodybuildingever,1.0
bhadu_rohit,1.0
bhagatsingh4531,1.0
bhagirath.menariya,1.0
bhagirath733970,1.0
bhagyoday_mlsu,1.0
bhakar_vijay_choudhary,1.0
bhansali.suraj,1.0
bhanu__aryavart,1.0
bhanu_rj09,1.0
bhanu_sk_,1.0
bhanwervishnoi,1.0
bharat.5818,1.0
bharat__armylover,1.0
bharat_bhushan_chou,1.0
awesome_dhaker,1.0
awarapan9701,1.0
avish_bandwal,1.0
arpitagarrwal,1.0
arjun__dhaker_16,1.0
arjun_dhakad05,1.0
arjun_dkr_,1.0
arjundhaker212,1.0
arjungiri.goswami.921,1.0
arjunsen618,1.0
armanpatle,1.0
army_lover_abhi_9203,1.0
arpit.anjana.3,1.0
arpitmangdhana,1.0
arvind_dkr_143,1.0
arun_jaatt,1.0
arun_khatik_mlsu,1.0
arun_raut.71697092,1.0
aruna_dhakad_00,1.0
arunanjana9898,1.0
arunasahir,1.0
arunsa_choudhery,1.0
arvind0892,1.0
arvind4406,1.0
arjun.singh.chouhan.7773,1.0
arjun.kahara,1.0
arjun.goswami.1654700,1.0
arjun.dhaker.75098364,1.0
anton_swanpoel_,1.0
anu_dkd11,1.0
anugrahsharma987,1.0
anupam_sharma_abvp,1.0
anuragvaishnav168,1.0
anurajsinghpanwar,1.0
anushka_janwa,1.0
anushkajangid54,1.0
apna_pavan,1.0
apnamlsu,1.0
ar.bejoy,1.0
ar.rahim50,1.0
arayeshi01,1.0
arbazshamim3584,1.0
archanadadhich123,1.0
archi_jain26,1.0
argry_girl_143,1.0
arifdoru_0180,1.0
arijit_jtt,1.0
arvind________47,1.0
arvind_jat_07,1.0
avinashsaini29,1.0
atul_janwa,1.0
ashu_ghuman_01,1.0
ashu_vairagi_official_13,1.0
ashutosh.sharma.393,1.0
ashutosh_singh_rtp,1.0
ashvin___588,1.0
ashwin_thorat2595,1.0
ashwinpatidar52010,1.0
asifmewati5419,1.0
atif.a.slam_._x7,1.0
atuldhaker999,1.0
arvind_patel_007,1.0
atulsoni862,1.0
atulyogim,1.0
austin_lopes_,1.0
avi_vj007,1.0
aviii_dhakad,1.0
avinash_singh91,1.0
avinash_singh____8082,1.0
avinashdhakad10,1.0
avinashhudda,1.0
ashokmenariya15,1.0
ashok_dhaker_mlsu,1.0
ashok_dhaker_545,1.0
ashok888828,1.0
arvindar_punjabi,1.0
arvindjadonthakur,1.0
arvindjat90,1.0
aryan31_0808,1.0
aryanjanwa05,1.0
aryanpubg2,1.0
as_if_9780,1.0
ash.panwar.378,1.0
ashif_sha.906,1.0
ashish.anjana.71,1.0
ashish_07choudhary,1.0
ashish____meena,1.0
ashish_ajmera4999,1.0
ashish_choudhary_14,1.0
ashish_p_parmar,1.0
ashish_soni_77,1.0
ashishgoswa,1.0
ashishjaa8,1.0
ashmitadhaker,1.0
bhilwara_dp_battles,1.0
bhojraj.sharma.982,1.0
bhumi_12298,1.0
darbargurjar1998,1.0
d.s.p_rj09,1.0
d.s.ranamangrol,1.0
d_c_l_lohar,1.0
d_i_l_i_p_r_a_w_a_t11,1.0
d_r_s_h_u_,1.0
dadhichpriyanka710,1.0
dambeckbenny,1.0
dangarjagdish4,1.0
danishalidanish.a,1.0
dark_lover.rohan,1.0
dayaramcarpenter7,1.0
darshan07choudhary,1.0
dashing_battle_zone_bhilwara,1.0
dashrath_prajapat_3,1.0
dashrathnagda8064,1.0
dashrth.goswami,1.0
dasvaishnavpushkar,1.0
david_1_13_7,1.0
davidadityaloo,1.0
dayal.7164,1.0
d.s.bhati_rj.09,1.0
d.s._aanjana,1.0
d.picsa420,1.0
cuteii_pie_girl,1.0
choudhary_lj,1.0
choudhary_puran_jat,1.0
choudhary_shiv_mlsu,1.0
choudharyakash79,1.0
choudharybharat813,1.0
choudharycharchit,1.0
choudharymevarakalal,1.0
choudharyrajveer404,1.0
choudharyramesh0007,1.0
choudry_mukesh,1.0
christmas_gift_99,1.0
ck__________rony,1.0
coudhary.nik,1.0
cp_patel143,1.0
cpsinghjhala18,1.0
crazy_dhilip_,1.0
cronicale_of_s_r_7,1.0
cuit_niki18,1.0
cuky37,1.0
dayaram.gurjar.3914,1.0
dc_dhaker,1.0
choudhary_hitesh_143,1.0
devendra3558,1.0
deeps_sen_,1.0
deepsapatel8726,1.0
demoniostrada92,1.0
deorapadamsingh,1.0
desi_chora_marwadi_,1.0
dev_raj_soni_143,1.0
dev_sa_rj_09,1.0
dev_soni______,1.0
devbanna2020,1.0
devendra_._dhakad,1.0
deeksha_.143,1.0
devendra__70,1.0
devendra__sikandra,1.0
devendra_dhaked_beer,1.0
devendra_rolaniya,1.0
devendrasinghchundawat5,1.0
devendrdhakar,1.0
devil_is_back__angels,1.0
devil_vinu9122,1.0
devilal_dhaker,1.0
deepraj_singh_khakhri,1.0
deepikakumawat584,1.0
deepesh_beer_dhakar,1.0
deepesh_bamboriya_,1.0
deelip_menariya_77,1.0
deelippatidar800,1.0
deepak.dhaker.1217,1.0
deepak__dkrx__143,1.0
deepak_aanja_,1.0
deepak_acharya09,1.0
deepak_bamboriya_,1.0
deepak_choudhary_dips,1.0
deepak_nagda_,1.0
deepak_patidar_24,1.0
deepakgarg4054,1.0
deepakkoli40,1.0
deepakkumawatdpk,1.0
deepakmankotia12,1.0
deepakrinder555,1.0
deepakshamnani456,1.0
deepaksingh6019,1.0
deepakteli825,1.0
deepen_choudhary21,1.0
choudhary_khushal22,1.0
choudhary__sahab,1.0
bhumikasahu5862,1.0
branded_dhaker,1.0
bodybuilder.tips,1.0
bohrachanchal_,1.0
boma_meshing,1.0
boranadurgesh,1.0
boughan_boy_46,1.0
brahman_bittu_143,1.0
brajpal_singh_shaktawat777,1.0
branded_dhakad,1.0
branded_dhaked_96,1.0
brijesh_patel_6045,1.0
chanchalbamboriya,1.0
bspparjapat,1.0
buffeduplife,1.0
bunny_dhaker,1.0
c.h.a.u.b.e.y_k.a.r.t.i.k__,1.0
c_u_t_i_e__g_i_r_l__r_e_k_h_a,1.0
call_me_ansari,1.0
call_me_chikkuu,1.0
call_me_nikksa,1.0
catprep2020_,1.0
bob_shubho,1.0
bn_praveen_singh_chundawat,1.0
bn_mayank_nayak,1.0
blood_of_dhakad,1.0
bhup_singh_aanjana,1.0
bhupendra.singhrathore.7583992,1.0
bhupendra.singhsisodiya.311,1.0
bhupendra_8107,1.0
bhupendra_chouhan_3731,1.0
bhupendra_nagda_mlsu__udaipur,1.0
bhupendra_paliwal_mlsu,1.0
bhupendra_singh__devra,1.0
bhupesh.jain,1.0
bhupesh_jaihind,1.0
bhupeshchoudhary555,1.0
bhupeshmewarachoudhary,1.0
bhuppi7012,1.0
bhuvi_patel_kbd_047,1.0
bhuvnesh.upadhyay.5030,1.0
bindaas_banna_om_kahar,1.0
bindas_bdhakar,1.0
bittu_rider01,1.0
black___devil__01,1.0
chanchal_kalal_23,1.0
chanchu5758,1.0
choudhary__ratan_007,1.0
chirag__choudhary,1.0
chetna__jaitawat,1.0
chikkisharma5723,1.0
chinmay_651,1.0
chintankarkar007,1.0
chintu_aera,1.0
chintu_banaa_,1.0
chinu_malviya04,1.0
chipmunk521,1.0
chirag.mewara,1.0
chirag_mundra_19_,1.0
chanda_kunwar_panwar,1.0
chirag_pabbun,1.0
chiragpabbun_6_28,1.0
chitwanjoshi,1.0
choco_girl_03,1.0
chorrajaatk,1.0
choubisa_hitesh3,1.0
choudhary6355,1.0
choudhary__.bharat,1.0
choudhary_____abhi2001,1.0
chetansaini7674,1.0
chetan__paliwal_david,1.0
chesta_kumawat_,1.0
chaurasiyasumit09,1.0
chandan_meena_47,1.0
chandan_menariya01,1.0
chandannankani,1.0
chandni_ankit_sahu,1.0
chandnibag,1.0
chandnitoshniwal,1.0
chandonxonowal,1.0
chandrabhan_singh_rathore__,1.0
chandrakaladhakad,1.0
chandrakantavashistha,1.0
chandrashekhar0296,1.0
chandrawatramsingh,1.0
chandresh._._,1.0
charming_shivuu_,1.0
charumewara__4,1.0
chaudhary_arkit2000,1.0
chaudhary_atul_rathi,1.0
chaudharymlsu,1.0
chauhansunita_,1.0
antimanjana,1.0
anshbindra_,1.0
devmeena24,1.0
_m_r__saif_ali_539,1.0
_kapil_kant_sharma,1.0
_kd_kanu_143,1.0
_king_76_rj09,1.0
_kiran18__,1.0
_kishan_dhaker,1.0
_krishna__patidar,1.0
_kuldeep__ojha,1.0
_kuldeep_sahu__999,1.0
_lucky_jatt._,1.0
_mafiya_pandit,1.0
_kana_janwa_2425,1.0
_mahadev_dhaker_5,1.0
_manishsalvi_,1.0
_mayank_97,1.0
_mr.prakash08,1.0
_mr.yuvi_,1.0
_mr_perfect_boy_raghav,1.0
_muskan1804_,1.0
_muskan_khaturia_21_,1.0
_naveen_dashottar_21,1.0
_kapil_acharya_,1.0
_k0ushal_choubisa_005,1.0
ansariikaif,1.0
_hardik02,1.0
_dhakad_patel2000,1.0
_dhaker_8159,1.0
_dhaker_piyuu__555,1.0
_divya_sharma13_,1.0
_divyanshu_singh_solanki,1.0
_dr_anil_,1.0
_gajendra_04,1.0
_gajendrarao2801,1.0
_gaju_sharma_151,1.0
_harsh_sahu,1.0
_jetty._.07,1.0
_hemant_singh_chouhan,1.0
_herry_official,1.0
_innocent_dm,1.0
_innocent_mourya,1.0
_its_killer_boy___143,1.0
_its_killer_boy___73,1.0
_its_pra_shant,1.0
_itx__ammad_,1.0
_jerry_9997_,1.0
_nazish24_,1.0
_nehajhala15,1.0
_officai_alfu.55,1.0
_twinkle0101,1.0
_shubham__dalvi_,1.0
_smrty_vivan_singh_,1.0
_starboy_shiva,1.0
_sudheer_rangwani_,1.0
_sun_f10w3r_,1.0
_sunil__dhakad,1.0
_swati_patidar,1.0
_tanishkaroopawat_,1.0
_the_.official._gourav,1.0
_vaibhav_0.0_,1.0
_officaltarunanjana,1.0
_vartika_singh_hamirgarh_,1.0
_vi_n_a_y_,1.0
_vicky_pathak_,1.0
_vikram_banna.09,1.0
_vinodkumardhakad,1.0
_vinu_dhaker,1.0
_vipulvaghela_,1.0
_vishal.joshi_,1.0
_yogesh___choudhary_,1.0
_shruti_soni__,1.0
_shreya_kothari_25,1.0
_shivani.parashar,1.0
_scan_me_now_,1.0
_p_r_i_t_e_s_h___,1.0
_pamnani_bittu_14,1.0
_pinda_aala_dhakad_,1.0
_prakash77,1.0
_prakash_jha_,1.0
_pushpendra_shah_,1.0
_r_i_a_cute,1.0
_r_o_h_i_t_27,1.0
_rahul_jat_32,1.0
_rahulmewara,1.0
_rituraj_aanjana09_,1.0
_rohit_dhakad__,1.0
_rohit_soni,1.0
_roop_singh_chauhan,1.0
_royal_thakur_8983,1.0
_s_star_vinu,1.0
_sabir._.ali,1.0
_sahil_rajput._,1.0
_sahilsk29,1.0
_dhakad_manish,1.0
_dashrath_singh_devra,1.0
_crezy_weapon_m,1.0
__.l_u_c_ky.__,1.0
_.khushhh._,1.0
_.ll.___govind_suthar___.ll._,1.0
_.m3al,1.0
_.miss._.difficult._,1.0
_.noor_.k,1.0
_.s.a.s.u.k.e_,1.0
_.tathagat._,1.0
_2cool_abhi,1.0
__.gourang.__,1.0
__.rocky10,1.0
____s_u_r_a_j__,1.0
__.shaliniparihar.__,1.0
__.wildfire.__,1.0
______jugnu,1.0
______vivek___janwa______,1.0
_____d____s______,1.0
_____hemant98,1.0
____a_l_c_o_h_o_l_i_c_,1.0
____aanchal_,1.0
____ahmad_01_tj____,1.0
_.aafie__pathan._,1.0
_._itsofficial,1.0
_._divyam_patel_._,1.0
9sonikudi,1.0
06himanshi,1.0
09jitendra_chawda,1.0
100ni_ji_ka__chora,1.0
100ni_ranjan,1.0
100nutank720,1.0
121anjanaaakash,1.0
13crezzy_sandhu,1.0
13yaar.army.wala,1.0
1_pratham_sharma,1.0
1ektajat,1.0
1hardik_soni1,1.0
2002ska,1.0
293xr,1.0
57.575701350,1.0
5uni1_d,1.0
7bharti,1.0
7dsxdipezh,1.0
96.78593133,1.0
98_25_12,1.0
____nirbhaysinghrawal,1.0
___arpit_nani___,1.0
_cju_178_,1.0
_akanksha_sonone,1.0
__rohitts__,1.0
__ronak_kalal,1.0
__shubham_choudhary,1.0
__themayank__,1.0
__viju_bhatiya12,1.0
__white_mexican_,1.0
_a_a_r_y_a___official,1.0
_abhi__parashar26,1.0
_abhisingh15_,1.0
_ankit_sen__,1.0
___ashish_choudhary._,1.0
_arvind_jangid_badoli,1.0
_bannaji350,1.0
_bhagya_shree_kadam_,1.0
_bhanwar_ucos,1.0
_bharat_kumawat.09,1.0
_bharatking,1.0
_call__me__d__,1.0
_chintu_maru,1.0
_choudhary__harsh_,1.0
__rohit_rj__27,1.0
__rahul_mali,1.0
__parth_dave,1.0
__pali18,1.0
___chotu__.0,1.0
___kunnal___,1.0
___l_e_o_n_a__,1.0
___mohit._.singh1805,1.0
___n_i__k__k_u___,1.0
___rahul_tak_david__,1.0
___s_m_o_k_e_r,1.0
___shraddha3___,1.0
___suresh___019,1.0
___yashikaa__,1.0
__akshat__soni__,1.0
__gauurav1,1.0
__himanshu_joshi__,1.0
__innocent__kamina____,1.0
__itz_me__ak__footbollar__,1.0
__karan_dhaker._rk_143,1.0
__mahi_jaat_,1.0
__mr.__paglu__,1.0
__mukesh__gurjar__19,1.0
_zamidaar_ji_,1.0
a.j.a.y.soni,1.0
a.k_ameta_013,1.0
anandsoni7,1.0
amitpanchal96,1.0
amjadkhan1786,1.0
amrt_meena,1.0
an_jali1853,1.0
anamikaaa_____,1.0
anand.dhakad11,1.0
anandilal67,1.0
anandsharma962,1.0
anandsingh70,1.0
anandyadav123_ashu,1.0
aniljaat108,1.0
anantsingh6850,1.0
anchal_jaat,1.0
anchal_kataria_7007,1.0
angelasweta,1.0
anil_827919,1.0
anil_dhaker_ak,1.0
anil_dhaker_ak47,1.0
anil_dhaker_mlsu,1.0
anil_dkd_sarsi_777,1.0
amitjain4002,1.0
amit_soni_1,1.0
amit_saini_0007,1.0
amir21336,1.0
akshay_raj_vyas,1.0
akshay_songara,1.0
akshaybabbujain,1.0
akshaymeena630,1.0
akshaysharma4844,1.0
akshi62_,1.0
akshiimeena,1.0
akshisomani,1.0
aleksandra_a_p_,1.0
ali.asghari782,1.0
aliekberkurt,1.0
alka_sharma04,1.0
aman.panchal_,1.0
aman_.nara,1.0
aman__meena__,1.0
aman_asnani,1.0
aman_sharmaa09,1.0
amar_pal4181,1.0
amimehedihasan,1.0
anil_jaat_04,1.0
anilkumar.saini.560272,1.0
aksh_raj_menariya,1.0
ankitkethwas,1.0
ankit_bairagi_5000,1.0
ankit_mandani,1.0
ankit_mandawaria,1.0
ankit_sahu_222,1.0
ankit_sen597,1.0
ankit_sha23,1.0
ankitasharma6463,1.0
ankitchoubisa11111,1.0
ankitdhaker206,1.0
ankitsaini_3408,1.0
anilkumawat644,1.0
ankitsen821,1.0
ankush_barskar_143,1.0
ankushaanjana777,1.0
ankushanjana,1.0
ankushankushprajapat,1.0
anmol._.dodeja,1.0
annu_nagarr27,1.0
annupanchal13m7,1.0
ansaajat,1.0
ankit_a.k.47_,1.0
ankit_4u,1.0
ankit_.ad._,1.0
ankit90bjn,1.0
anilphy,1.0
anilprajapat230,1.0
anilsingh8604,1.0
anilsuthar7410,1.0
anita.rao.1654700,1.0
anitakharol01,1.0
anjali_ajariya,1.0
anjaliregar,1.0
anjan_vinod,1.0
anjana5249,1.0
anjana9891,1.0
anjana_nitesh,1.0
anjanaarun65,1.0
anjanadinesh601,1.0
anjanakapil048,1.0
anjiiiiii____,1.0
anjirsharma,1.0
anki2257,1.0
ankit.dhakad.3737,1.0
akshay_jangid,1.0
akram____b.h.a_1,1.0
a4_ashwak,1.0
abhi_dhaker143,1.0
aashuki143,1.0
aashusoni57,1.0
aayush_maheshwari01,1.0
aayush_swarnkar44800,1.0
abhayahir2,1.0
abhi_1317_parmar,1.0
abhi_1909,1.0
abhi_2467,1.0
abhi___sukhwal,1.0
abhi_shek_tank,1.0
abhishek_kumar.verma,1.0
abhidhaker999,1.0
abhijena22102002,1.0
abhikohli15,1.0
abhimeena2520,1.0
abhisharma7915,1.0
abhishek._maheshwari,1.0
abhishek.banna_7773,1.0
abhishek.upadhyay94,1.0
abhishek_aanjna_99,1.0
aashudhakar02,1.0
aashish.ahir.007,1.0
aaryan__maheshwari__,1.0
aaru___dkd12,1.0
a_4_amrit_,1.0
a_4_anshu__khatik,1.0
a_b_h_a_y_y,1.0
a_ki_jaan_seha_khan,1.0
a_r.pit,1.0
aadilkhan1438,1.0
aadisunani,1.0
aamil_sheikh_07,1.0
aanchal_1701,1.0
aanjana_aniket,1.0
aanjana_vipul_singh_rj35,1.0
aanjanaharry,1.0
aanjanaharshit,1.0
aanjanapawan,1.0
aanjanarahul647,1.0
aanjnaankit,1.0
aanjnadev,1.0
aanjnaranu555,1.0
aarifkhan3600,1.0
abhishek_chandel242,1.0
abhishekdayal148,1.0
akmali6036,1.0
ak_sharma099,1.0
ajaypanchal_,1.0
ajayraj.12,1.0
ajaysahu6456,1.0
ajaysharma77882020,1.0
ajaysharma7895,1.0
ajju_chandel_9680,1.0
ajju_goswami_goswami,1.0
ajjuuchoudhary,1.0
ak.47.lokendra,1.0
akash.click,1.0
abhishekthakur0009,1.0
akash1772,1.0
akash___khatik,1.0
akashkumawat934,1.0
akashsharma3844,1.0
akashsin88962020,1.0
akashsingh.gehlot,1.0
akbarali7304,1.0
akdhaker007,1.0
akki_10,1.0
ajaypalbhurkiya,1.0
ajaykharpdiya123,1.0
ajay_tanwar_mr.aj,1.0
ajay_singh_anjana,1.0
acharya1318,1.0
ad_deepesh,1.0
adarsh7326,1.0
aditya.shrotriyaa,1.0
aditya2788,1.0
aditya_parashar_aadi,1.0
adsharma261998,1.0
adv_geetmandela,1.0
aftab.ak.70,1.0
ag_dilip,1.0
agiwalharshit,1.0
ahanasharma293,1.0
ahir4959,1.0
ahir9321,1.0
aj_bamniya,1.0
ajay_bhallavi,1.0
ajay_dadhich09,1.0
ajay_dhaker.1,1.0
ajay_patidar7891,1.0
devkaranjat_,1.0
devraj225530,1.0
madhusudan99ucos,1.0
jyotisharma7233,1.0
johny.choudhary_143,1.0
jonseena_077,1.0
jpayaljindal329,1.0
jubayer_hosen_,1.0
julfikar.73997861,1.0
jyoti_aanjana,1.0
jyoti_mathuriya_,1.0
jyotichauhan7528,1.0
jyotijanwa,1.0
k.d.507,1.0
jnv_lokesh_dhakar,1.0
k.didwaniya4,1.0
k.lrmy,1.0
k.robial,1.0
k.s_chahar,1.0
k_a_l_p_e_s_h_kp,1.0
k_a_n_a_suthar___,1.0
kabaddi_arjun_kahara_neemuch,1.0
kabeer8445,1.0
kabir_singh__22,1.0
jogeshrn239,1.0
jivansinghrathore7773,1.0
ishu806,1.0
jigar_malviya_babu,1.0
jeetsolanki1234,1.0
jeetsujawat,1.0
jeetu_jangid06,1.0
jeetusethi531,1.0
jeevanmenariya95,1.0
jefinjacob,1.0
jhandlife20,1.0
ji.tendra9952,1.0
ji_ni.01,1.0
jigarbhatt23,1.0
jivansahu7069,1.0
jigyasu.garg,1.0
jimmi_vaishnav,1.0
jin_sa_13_hero,1.0
jinu_dhakad,1.0
jitendra_choudhary_96,1.0
jitendra_p00prajapat,1.0
jitendra_patidar_21,1.0
jitendrasoni8211,1.0
jitu_kumar26,1.0
kadirsheikh_1111,1.0
kailash_gurjar_rj09,1.0
kailash_sahu_48,1.0
kamleshsukhwal01,1.0
kamlesh_choudhary___,1.0
kamlesh_dhakad47,1.0
kamlesh_dkd,1.0
kamlesh_meghwasi_udaipur,1.0
kamlesh_sen_merta,1.0
kamleshdangi76,1.0
kamleshdhaker2,1.0
kamleshgodiyana,1.0
kamleshjat91838,1.0
kamsa_jaat_,1.0
kailashchadrae,1.0
kamu_mewara270,1.0
kana_dkd8999,1.0
kanapradeepsoni,1.0
kanhaiya.ahir7238,1.0
kanhaiya.rao.370,1.0
kanhaiya6246,1.0
kanhaiya_dhkr,1.0
kanhaiyakavishdhakar,1.0
kanhaiyakeer420,1.0
kamlesh_choudhary3974,1.0
kamlesh___verma___143,1.0
kamlesh7332,1.0
kamlesh.kkp,1.0
kailashkohli4,1.0
kailashnath_1_4_3,1.0
kailashneemuchdong,1.0
kalal_samaj,1.0
kaledilip731,1.0
kalu.dhaker.5,1.0
kalu_gujar_love_,1.0
kalyan.tharun,1.0
kamal.jat.56884,1.0
kamal.rangila,1.0
kamal.s.rathore.12,1.0
kamal_20_04,1.0
kamal_4838,1.0
kamil_abbasi_____,1.0
kamitmahakal,1.0
kaml8153,1.0
kamle118,1.0
kamlendar_singh__,1.0
kamlesh.jaat.7773,1.0
jchitwan1254,1.0
jccn_u6tr79,1.0
jayeshsolanki3520,1.0
itz___pape_xx_1,1.0
its_sam.__,1.0
its_sandhyaverma,1.0
its_sonu_12356,1.0
its_vikas_dhaker,1.0
itscharannitesh,1.0
itskamleshp,1.0
itss__priyanshusoni,1.0
itss_python,1.0
itsthemayankgupta,1.0
itz_annu_,1.0
ixn_40,1.0
itz_chotu_pamsa_1512,1.0
itz_chotu_ramsa_1512,1.0
itz_deepak_singh612,1.0
itz_dhrmex,1.0
itz_dinu_,1.0
itz_reyaanshh,1.0
itz_sam_choudhary,1.0
itz_sonu_sharma_kedariya_0984,1.0
itzz_aru_01,1.0
its_saddik_8502,1.0
its_rv_patidar,1.0
its_ram_09,1.0
its_piyush_here,1.0
ishwar._.goswami__,1.0
ishwar.dhaker,1.0
ishwar__nbh,1.0
ishwar_dhaker_abvp,1.0
ishwararya1234,1.0
ishwarsa.jagsa,1.0
ishweryogi,1.0
its.me.tofik,1.0
its.shailendra_vairagi,1.0
its___deep_09,1.0
its__me_abhi_7773,1.0
its__regal_rk_sen,1.0
its_anand1,1.0
its_badboy_pankaj,1.0
its_bhavu_yadav999,1.0
its_me_rohitjanwa,1.0
its_me_surajchouhan4598,1.0
its_nima_13,1.0
its_nishi_112,1.0
itzz_vijju,1.0
j.s.8180,1.0
jaydevjaatjaat,1.0
jatin_rajpal_,1.0
jat7237,1.0
jat9181,1.0
jat__saheb,1.0
jat_nik.__.007,1.0
jat_nutan_bardwal,1.0
jat_pc_009,1.0
jat_zamidar08,1.0
jatbablu496,1.0
jatin_dhakr,1.0
jatindak15,1.0
ja.va5910,1.0
jatiyavinod98,1.0
jatkanya,1.0
jatnitesh7669,1.0
jatt_pintu007,1.0
javierllovet64,1.0
jaya___sarangdevot,1.0
jaya_laddha,1.0
jaychouhan29,1.0
jaydeep.anjana,1.0
jaswant_8521,1.0
jassu_dhakad,1.0
janwa_s_n_1995,1.0
janwa467,1.0
ja.yesh7953,1.0
jaatsaabdinesh7073,1.0
jagdish_dhakad_333,1.0
jagdish_meghwal_7861,1.0
jagdishjat6534,1.0
jagveer6019,1.0
jain.hardik24,1.0
jain7373,1.0
jakkaer,1.0
jalandharsunani,1.0
jam_shoes.tbz,1.0
jamse_maddy_,1.0
jamuveishnav,1.0
jangid1988sapna,1.0
jangid_boy_vishal,1.0
jangir_narayan,1.0
jankibarana,1.0
janumajhi,1.0
janwa.tara,1.0
kanhaiyalal9678,1.0
kanhaiyamenariya9,1.0
kanhaiyarao2000,1.0
lalitjoshisawa,1.0
laksa_rathore_7773,1.0
lakshay_shekhawat_mau,1.0
lal_krishan_manda,1.0
lalit.rao.3720190,1.0
lalit_beer,1.0
lalit_raloti,1.0
lalita_nagda_,1.0
lalitchouhan8270,1.0
lalitjaat491,1.0
lalitkamali,1.0
lk3576652k20,1.0
lalitprajapati4548,1.0
lalitsalvi2,1.0
lalitsharma8797,1.0
lata_bamboriya,1.0
lavesh_suthar2,1.0
lavish__98,1.0
laxman_godara_jnvu,1.0
laxmankum7025,1.0
laxmanpatel5844,1.0
laksa_patel,1.0
lakhanl_ohar41,1.0
lakhani7889,1.0
ladu.aheer.5,1.0
kunal_koted,1.0
kunal_prajapati20,1.0
kunal_yadv,1.0
kunalchoudhary5678,1.0
kundansingh2180,1.0
kunwar_digvijaysingh_04,1.0
kunwarsaa_rathore4597,1.0
kunwerbalramsinghbanna,1.0
kureshi.idris,1.0
kushal450,1.0
kushal92maheshwari,1.0
kushdhaker18,1.0
kuwar.ratan,1.0
kuwar_sa_royal_banna_sa,1.0
kv_gujrati,1.0
l__n_jaat,1.0
l_r_kanthaliya,1.0
l_suthar32,1.0
labana__saab_mlsu,1.0
listen_yuvi,1.0
ll_.kapil._ll,1.0
kumawayraju,1.0
luvkush_shukla,1.0
lovelypatelsa,1.0
lovewanshi_hemraj,1.0
ls_akshat,1.0
lsoni7725,1.0
luc_ky04,1.0
lucky_choudhary1184,1.0
lucky_patel575,1.0
luckygurjar1356,1.0
luther.pradeep,1.0
m.k.dhaker1710,1.0
ll_.seven_dev._ll,1.0
m.pairalgabru342,1.0
m_kay_kamad8696,1.0
m_mohit07,1.0
03_coolst_bad_boy,1.0
m_ya_n_a_k_17,1.0
ma_nisha1173,1.0
madan.vaishnav.56,1.0
madanjaat128,1.0
maddyy.bd,1.0
lovekush_dhaker,1.0
look_at_me_lalsaa,1.0
loksh_dkr,1.0
loks_babu,1.0
ll_dipsy__ll,1.0
ll_x_mr_billu_x_ll,1.0
lnnocent_boy_bharat,1.0
lochna_sahu,1.0
lohar5230,1.0
lokendrasingh621,1.0
lokesh.ahir.104203,1.0
lokesh.ahir.182,1.0
lokesh.dhaker.ucos,1.0
lokesh.gurjar.12,1.0
lokesh.suthar.7161,1.0
lokesh_aanjna,1.0
lokesh_dhakad,1.0
lokesh_gurjar_ak47,1.0
lokesh_karohi,1.0
lokesh_kumar_dhaker,1.0
lokeshpurimangrol,1.0
lokeshsalvi05,1.0
lokeshsuwalka1843,1.0
kumharrajveer,1.0
kumawat6313,1.0
kanheya.klp,1.0
khan_irfan0011,1.0
kavitaanjana,1.0
kavitasuthar629,1.0
kavya_shivaholic_1540,1.0
kavyavyasmlsu,1.0
kc_mewara,1.0
kd_dhaker3467,1.0
kdsharma992,1.0
kero1106,1.0
khan__aryan__,1.0
khanaamir9822,1.0
kiloriyasanju,1.0
khatik6626,1.0
khatik_ajay_boriwal_331,1.0
khatik_joy,1.0
khayrullaevzoid,1.0
khi2331,1.0
kholke_to_dekho,1.0
khushal___choudhary,1.0
khushboo_nagda,1.0
khushi_veerwani,1.0
kavik_0318,1.0
kartiks74,1.0
kartik__dadhich,1.0
karthik___8,1.0
kanhiya0143,1.0
kanji_rathore,1.0
kannu_sahu_,1.0
kanssa_tanwer,1.0
kanu_dhakad_123,1.0
kapil_jat_a.k,1.0
kapil_jatt.008,1.0
kapildhaker_kp,1.0
kapilksoni499,1.0
kapilmeena794,1.0
kapilpatel820,1.0
kapilpathin,1.0
karan_choudhary_1,1.0
karan_neel_99,1.0
karan_thakor_003,1.0
karanghadge786,1.0
karankumawat07,1.0
karanrajchouhan1,1.0
karnisingh_rajpurohit,1.0
khushwant.vyas,1.0
king_of_the_mewar,1.0
kumawa907,1.0
ku_nirmal_banna,1.0
kpl_patel_,1.0
kr_bharat_kitawat,1.0
kr_dheeraj_singh_arora,1.0
krish_chanal_215,1.0
krishna_mewar,1.0
krishnapal.singh.chouhan.mlsu,1.0
krishnasolanki4341,1.0
krishpatidar900,1.0
krunal_5,1.0
kuldeep7881,1.0
king_rahuljat_96,1.0
kuldeep__rj48,1.0
kuldeep_aanjana_patel,1.0
kuldeep_choudhary_mlsu_,1.0
kuldeep_singh_5,1.0
kuldeep_singh_786482,1.0
kuldeepsinghc60,1.0
kulin_choudhary777,1.0
kulsa_kuldeep,1.0
kumar_dinesh03,1.0
kp_mali232,1.0
komald_sarsi,1.0
koli5908,1.0
koko__same,1.0
king_rothore,1.0
kingsaeed.in,1.0
kiranupadhyay_official,1.0
kirti_soni11,1.0
kirtidhaker37,1.0
kish_an_vaishnav96,1.0
kishan.suthar.1612147,1.0
kishan_gayari_mlsu,1.0
kishan_lal_bheel_mlsu,1.0
kishan_rawat_____,1.0
kishandhakad906,1.0
kishanlal5582,1.0
kishu_ameta_143,1.0
kishuu02,1.0
kittu_dhaker_456,1.0
kj413812,1.0
kkishoresuthar,1.0
kl_29_biker_boy,1.0
kokibhaiya,1.0
ishu_dhaker,1.0
ishu.banjara.779,1.0
devraj_chundawat,1.0
dk_dinu_26,1.0
divyansh.__.goswami,1.0
divyansh__lohar,1.0
divyansh_jain_07,1.0
divyanshdhaker,1.0
divyanshu.choudhary_,1.0
divyaraj_singh_sarangdevot,1.0
divyasoni311,1.0
diya_dhakad6936,1.0
dk.dhaker.1420,1.0
dk_obrawal8,1.0
dishu_official_0522,1.0
dk_rj_09_1966,1.0
dkalal7788,1.0
dkd.nayma143,1.0
dkd___devendra___5000,1.0
dkd_chora_,1.0
dkd_kundan,1.0
dkd_pyl,1.0
dkd_rahul,1.0
dkdhaker321,1.0
divyamewara7,1.0
dishu__73,1.0
ish6745,1.0
dinesh.jat.7509836,1.0
dilip_thanna_777,1.0
dilipjangid7458,1.0
diliprawat123,1.0
dilipsinghsisodiia,1.0
dilipsuthar364,1.0
dilkhush_kunwar_5,1.0
dillip504,1.0
dimpal_prajapat22,1.0
dimpide0,1.0
dinesh_chaudhary_834,1.0
dipulbadaria,1.0
dinesh_choudhary9597,1.0
dinesh_jatiya,1.0
dinesh_katariya007,1.0
dinesh_madaniya,1.0
dinesh_patel420,1.0
dinesh_rayka_dabok,1.0
dipesh2090,1.0
dipesh__kumawat,1.0
dipps_paliwal,1.0
dkjat.anna,1.0
dkr_s_a_n_t_y,1.0
dolidhaker,1.0
gajendra_trivedi_mlsu,1.0
fjaroli,1.0
flameboy_gaming_0311,1.0
foji_rathore_banna1997,1.0
franckmabika11,1.0
g_o_v_i_n__d,1.0
gajendra.786,1.0
gajendra_gahlot07,1.0
gajendra_paliwal__official,1.0
gajendra_singh_badawali,1.0
gajendrasingh2930,1.0
dolly___balani,1.0
gajj_sa_chouhan_,1.0
gajju_banna_rj_09,1.0
gajrajmalodiya,1.0
gambler_boy_shantu_janwa_jsr,1.0
gangadhar.gaina,1.0
ganpat.suthar.1460,1.0
ganpat_sinngh_rathore,1.0
gansa_baba,1.0
garima_sarswat,1.0
fatahlalchoubisa,1.0
farhanpatel7712,1.0
faiz.hasan.12576,1.0
essa335__,1.0
domendra__08,1.0
doniaalalm,1.0
dr.rahul_raj_jangid_,1.0
dr.sachin_anjana,1.0
dr_shudhanshu_choubisa,1.0
drramprashaddhakad,1.0
drtarun.namdev_619,1.0
dude_.darshan,1.0
durgasoni960,1.0
dushyant_dhaker,1.0
dushyantnagar,1.0
dz__safet__dz,1.0
eakling_sahu,1.0
eakta_anjana_,1.0
ellen_ras_erkelens,1.0
elvishsingh_143,1.0
er_narendra_rawat,1.0
erdilipdhaker,1.0
esmaeil89998,1.0
dilip.meghwal555,1.0
dilip.dhaker.18,1.0
dilesh_parmar,1.0
dhakar_rahul,1.0
dhakaddilip820,1.0
dhakadnaveen444,1.0
dhakadprashant,1.0
dhakadsaab_016,1.0
dhakar1966,1.0
dhakar_boy_op_2727,1.0
dhakar_gopal909,1.0
dhakar_lk_72,1.0
dhakar_pk,1.0
dhakar_saab_a.k._nsui143,1.0
dhaker6860,1.0
dhakar_yashu005,1.0
dhakarkanhaiyalal,1.0
dhakarpintu,1.0
dhaked_saa_mp_44_bordar_wale,1.0
dhaker.kapil,1.0
dhaker.navin,1.0
dhaker.shilpa,1.0
dhaker4610,1.0
dhaker599,1.0
dhakad_tr,1.0
dhakad_saahb,1.0
dhakad_saab__rj09,1.0
dhakad_ramkishan,1.0
devraj_regr,1.0
devrajharpael,1.0
devrajjat1995,1.0
devvrat_singh03,1.0
dha970,1.0
dha___ker2784,1.0
dhaka_anand,1.0
dhakad1495,1.0
dhakad76652,1.0
dhakad_boy_ajay_555,1.0
dhakad_deenu,1.0
dhakad_dilkush_,1.0
dhakad_jaimala,1.0
dhakad_kamlesh_777,1.0
dhakad_krish,1.0
dhakad_manni,1.0
dhakad_prince_ak47,1.0
dhakad_rahul_,1.0
dhakad_raju,1.0
dhaker6005,1.0
dhaker7254,1.0
dileepsingh_12,1.0
dharmpal___singh7073,1.0
dhakerrv,1.0
dhakersanjay1,1.0
dhananjaichoudhary,1.0
dhanisoni,1.0
dharm_raj_madaniya,1.0
dharm_sa_27,1.0
dharmendardhaker,1.0
dharmendrakumarchhipa,1.0
dharmendrasaini143,1.0
dharmpalsiinghkanawat,1.0
dhaker7689,1.0
dharmu_badmas_khemli,1.0
dharmu_dhakad_99,1.0
dheeraj_sharma12_18,1.0
dheerajlakshkar,1.0
dhiraj_1787,1.0
dhiraj_choudhary789,1.0
dhiraj_gattani_maheshwari,1.0
dhruvsharma_1,1.0
dilawar_aanjna,1.0
dhakerishu,1.0
dhakergabbar,1.0
dhakerds,1.0
dhakeranil846,1.0
dhaker801harish,1.0
dhaker_160,1.0
dhaker_9783,1.0
dhaker__deepak,1.0
dhaker_a.s_bittu,1.0
dhaker_aman_286,1.0
dhaker_boy_,1.0
dhaker_boy_op_3192,1.0
dhaker_deepak_5000,1.0
dhaker_mamraj,1.0
dhaker_nik,1.0
dhaker_rahul___ak_47,1.0
dhaker_rohit_,1.0
dhaker_sa_99,1.0
dhaker_shokin_19,1.0
dhaker_sushil_kumar,1.0
dhaker_vandana,1.0
dhaker_vikuu,1.0
dhaker_vinsa,1.0
garv_amlajiya_._,1.0
gaurang_naik10,1.0
gaurav.paliwal.77920,1.0
hitenbhatnagar,1.0
himanshu_sahu_official,1.0
himanshu_sisodiya_3330,1.0
himanshuchoudhary.3004,1.0
himanshusharma182,1.0
himmat_menaiya,1.0
himmatsinghchundawst72,1.0
hindu_jat_99,1.0
hindu_pushker,1.0
hitenbadboy,1.0
hitesh3736,1.0
hrs.banna.hkm,1.0
hitesh_chandel9051,1.0
hitesh_kharadi_0009,1.0
hitesh_patel_5555,1.0
hiteshh_kalra,1.0
hiteshsoni044,1.0
hitsa_mewar,1.0
honey_sharma229,1.0
hotyvickey,1.0
hpatidar910,1.0
himanshu_nalwaya22,1.0
himanshu_choudhary1243,1.0
himanshu_choubisa_11,1.0
himanshu_7557,1.0
hell_boy_tanishq_soni,1.0
hema_khatik_121,1.0
hemant_aanjana,1.0
hemant_dhaked_,1.0
hemant_maratha48,1.0
hemant_singh_panwar1999,1.0
hemant_vshnv,1.0
hemantjain110,1.0
hemchand_choudhary,1.0
hemmu_3434,1.0
hemrajdhaker9,1.0
hemsa_dhaker,1.0
herminigildo27,1.0
himalaya__sahu,1.0
himani_paliwal_mlsu,1.0
himank_panchal,1.0
himanshi_mlviya,1.0
himanshu.ahari_28,1.0
himanshu.sanwariya,1.0
hritikjanwa,1.0
hunny__dhakad,1.0
heera__vaishnav_official,1.0
im_vin_06_11,1.0
iampankuofficial,1.0
iamprakharjoshi,1.0
iamshivaliganguly_,1.0
illldengosmill,1.0
ilusoni001,1.0
im____ankit,1.0
im_guru_143,1.0
im_jay_patidar,1.0
im_lokeshjaat77_,1.0
imannudhakad,1.0
hunter_banna_nikku,1.0
imdeepak_99,1.0
imdhra__dhakad97,1.0
imrahul_112,1.0
imshkhr,1.0
indramal_dhaker_927,1.0
indrashreeshaktawat,1.0
innocent_akshu_,1.0
instaabhi,1.0
irfan_raees_9587,1.0
iamkishanrathor,1.0
iamjordan9,1.0
iamaaak,1.0
iam_yuvii__,1.0
hvscfreak,1.0
i.m_ankit_,1.0
i.ravi01.official,1.0
i_am_.ankit_,1.0
i_am_amir_0,1.0
i_am_dhamsaa_rock,1.0
i_am_himanshu_chaurasia,1.0
i_am_kapil_dhakad,1.0
i_am_rajesh_patel_,1.0
i_am_razzz,1.0
i_am_sayyam.09,1.0
i_am_spriya143,1.0
i_em_sonu___,1.0
i_m__bk,1.0
iakkashgupta,1.0
iam.nirmal_,1.0
iam_cutestloverboi_4139,1.0
iam_happy_dkr_,1.0
iam_jaswant_patel,1.0
heeralalbanshiwal,1.0
heenasen98,1.0
gaurav.soni.35325,1.0
govind_ameta_,1.0
gopalmeghwalnagar,1.0
gopalpushkarnamlsu,1.0
gourav_sahu_uccms,1.0
gouravgolujoshi,1.0
gouravsanadhya,1.0
govats_shyam_,1.0
govind.7779,1.0
govind.janwa.54,1.0
govind.sharma.0,1.0
govind_patel.9,1.0
gunjanjangir8250,1.0
govind_singh_1701,1.0
govinddkr,1.0
govindr99,1.0
govindsuthar446,1.0
great_abd,1.0
growroy,1.0
gujjar_hr_patel_karauli,1.0
gujrajasthani_prsn,1.0
gulaptumung,1.0
gopaljathathiyana,1.0
gopal_menariya123456,1.0
gopal_menaria,1.0
gopal__dangi,1.0
gaurav_98765_,1.0
gaurav_sen_001,1.0
gaurav_verma_shan,1.0
gauravmeenaofficial,1.0
gauravparmar149,1.0
gauravtalesara12,1.0
gautamrahul113,1.0
gaytri_jat00,1.0
gaytrianjana,1.0
gayuu_dhakad,1.0
gd_vaishnav_mlsu,1.0
geane3980,1.0
geetanajalisoni,1.0
ghanshyamdhaker5,1.0
ghanta_enginering,1.0
girirajnagora,1.0
goldy_sonii,1.0
golu.gothwal.9,1.0
golu2903,1.0
gunda_rdx,1.0
gurjar695,1.0
heartfull___addu,1.0
harshita_korwal_0786,1.0
harsh_choudhary_mlsu,1.0
harsha_purbia,1.0
harshiranawat02,1.0
harshit.5399,1.0
harshit._joshi_,1.0
harshit.jain.336,1.0
harshit_jain_tater,1.0
harshit_maratha_,1.0
harshita7395,1.0
harshitchaudhary143,1.0
gurjar_kl,1.0
harshitlohar77,1.0
harshitvaishnav_,1.0
harshpatil5050,1.0
harshsharma195,1.0
harshvardhan4048,1.0
harsora_king777,1.0
hasanparvez4628,1.0
hashemnejad_kiyasari_perspolis,1.0
hashmi_raza_khan,1.0
harpaldevu,1.0
harishvaishnav67,1.0
harishteli900,1.0
harishsuthar142,1.0
gurjar_vilas,1.0
gurjarjeevan879,1.0
gurnanigourav63,1.0
h_a_b_il,1.0
h_s7773,1.0
haji_aasif,1.0
halawa13,1.0
hamju24,1.0
hansraj_j,1.0
hansrajrr,1.0
happy._.vaishnav,1.0
happy_kharol_17_69,1.0
hardvillan_here,1.0
hari_om_p,1.0
hariommenariya,1.0
harish.yogi.75839,1.0
harish_vaishnav.9480,1.0
harishbunkar007,1.0
harishsingh3694,1.0
zramlakhan,1.0
suraj4568singh,
___saif__786,
oljalja_s,
chiksa_dewal,
a4_arman,
alfran_khan,
bharatkursan,
prashantsingh4185,
nalwaya.kartik,
shubam9469,
arjun.aasharma.5245,
krish_chanal_215,
love__you__mummy__182,
manishmali123,
kaif212312,
09___prince___1999___,
chintu_banaa_,
lucky_gurjar_70,
mihir_kethwas4,
chandrabhansingh.chundawat.75,
khatik1548,
amazing_talib,
official_dipanshu_jajot_020,
abhishek_2651,
heart_single_tone_02,
bnbhanupratap,
manishlodha21,
mr_zohu_110,
riya___solanki___143,
_____dhakar____1243,
_king_of_canabis,
classes.unique,
sajan_kumar5948,
pa.nkaj5435,
ltaaltaa,
sundeeppahadiya,
offical_.amsaa_143,
anandlot14,
kuldeeppahadya,
mr_gourav_lohar,
arunteli3744,
fardin_khan_3_1_3_,
moin_asrahfi,
lucky__ali__786,
pgl_dipu,
_manishcharan,
_s_i_d_1332,
lothchandu,
meghwal140,
hari_om_bum_bole,
munda_rajputa_da7773,
kamleshbariw,
sonurajput051,
lot7849,
vikka_125,
harish_meena_005,
bherurathore12,
__gotam_shah,
kapildhanger,
anandsingh70,
official__chodhary_anil_,
anandlot13,
bharatvyas83,
jayesh.sharma.9352,
ganesh_dhanawat,
ayush_1_28,
j.s.g_0047,
lucksa__,
atultak.tak,
rajveerchawariya,
bilal_shinganliwala,
miss_riti_1,
pradeepregar288,
anurag_sen_344,
r_itik2503,
mr_bairwa_21,
tushar_chanal_143,
rajorvikram,
sk6995780,
m_anoj_nagda,
tilak_kumawat,
chora_rj_09_ka,
abhishek.ghawri,
p_4_pradyuman,
mr._ritik_jain_,
aj_bamniya,
sourabh7587,
_its__aayu,
atwal7648,
mayank__258,
anandsen98,
vikas_ronaldo,
mr_sahu_1234,
_its__heartless__,
ravi.jain.186,
boy_in_dilemma01,
kamina_dost10,
naveen_rao_maratha,
pawan.maheshw,
rahul_rajwadi01,
_chandrapal_singh_007_,
mink.jink.9,
innocent_ritik07,
arun_verma7,
pankajmeena265,
jasudhaker,
nisharegar0055,
pukhr_ajmali,
sumitvishwakarma66,
suraj_dkd,
ravisahu69583,
editer_rohan,
mayabi_arif,
rohit_jai5,
_official_akki.0,
himanshu___kumawat_09,
amaan_hussain_0786,
bharatharayani,
mukul._.01,
santimaratha,
parth.sharda,
faizankhan______________,
yuvrajsingh7057,
ritiklot,
kunal_prajapati20,
jitendrarajput440,
raj_banna_anoppura11,
dude__chawada_713,
karitikvashnav,
laxman_singh_rajput.5344,
mr_______yogi_1,
deepakteli825,
vishal.bairagi.0011,
akashishvishwakarma,
shaktisingh3613,
rajput_banna_official____,
official_kirpal_banna_7773,
__kundan__7773,
kr_shakti_banna_9784501012,
ashoksharma8404,
harishsuthar142,
umenariya,
mr._dinsaa_panwar,
sukhpal___jat,
mr_r.k_rao.sa,
jairaj_amrana,
pintu.meghwal.3954,
vipul__7773,
______faizu__official__,
gopalmenariyas,
narayanprajapat62,
dkr_devsaa,
arshpreetsinghjosan,
ghan_shyam_patel_07,
rj_o9_king_of__gopal_raj_,
rkvaishnav9166,
virender_singh_ranawat,
mr_surajsingh_,
jatt_anil_95,
p.s._banna612,
chintu_aera,
vinodprajapati5295,
itzz_mahi_banna_7773,
lalitsharma8797,
girirajnagora,
kuwardipsadipashu,
nirbhay7773,
royalbannakaran,
bheru_sa,
harishvaishnav67,
mr_chbnd_07,
the_rajveer_saa,
prahlad_nagda_menariya,
mr__khal___nayak09,
a_4_ahmed0143rja,
deepak____199,
shilpa_maheshwari_gadiya,
bheru_lal_sharma_1122,
kj413812,
harish.parihar.7923,
balsa__mewar,
mukeshjat2239,
abhibrman,
jitendra.singh_chundawat,
kr.poonam.banna,
official_luksa_goswami,
offical_.amsaa_143,
pushpendra_singh_sarangdevot16,
riski_shub,
_akshay_singh_chundawat,
munda_anuj.26,
rahulprajapat660,
kulsa_ranawat__fort.rojdas,
nileshgayari,
abhirajshubhampaliwal,
arvind_patelsa,
rvbanna52rv,
vishwakarma.lasudliya,
neeru4143,
kr_devsa_7773,
sanjay__menaria,
bn_pushpendra_singh_mewar,
youvraj_sa_mewar_rj_09,
s.p._meena007,
kanha_prajapati_454,
koshl_,
suman_sisodiya_3516,
pankaj_pandit__,
jaggu15092,
rajveer_chundawat_,
king.of.mewad.udaipur,
shivraj_singh_khangarot,
itz_sonu_sharma_kedariya_0984,
gajju_banna_rj_09,
__ravi_336,
banna_ji_mewar,
shobhit.217,
jat_pc_,
tamjibanna,
nimeshprajapati_9094,
ashish_dhariwal_5,
dhamsa_d.k6715,
amitjain6505,
b_n_ajeet__banna__bulsa_____,
b_n__bulsa__,
pathvirajsinghranawat,
_krishna_257,
teli700,
sawanpatel82,
arjun_gurjar_______,
shravan3140,
hemant__rathor,
rajuvishanav,
r.v_love_you,
madanpatelsa,
pavansahugilund,
the_pawan_king_09,
dilip.meghwal555,
m_r_pandit,
akashkhicih403.h,
_ruhi_sharma143,
dangidev.1030,
yuvraj_singh_sisodiya_chiksa,
aakashashekhawat,
dashugilund,
shiv.prakash.7,
kunwar_vicky_banna_7773,
manohar_dangi_143,
kamallohar8559881226,
avi.a.sharma,
dineshjangid900,
rahul.bagora_,
rajkumar_1999_sharma,
bhagwat5101,
lucky_jangid785,
m4_mannu333,
rupeshjain112233,
kr_unique_banna,
gopaldangigilund,
kirti_teli,
vishun_sahu_gilund,
praveen_jat_abvp,
pl561565,
shaktawat_nepal_rj_09_7773,
vyas756,
gopal_suthar_bhatoli_,
_pappu_dangi,
notey_monu,
itz_vishal_prajapat,
teenaastoliya24,
pankaj_pandit__,
sharvan4780,
ajju_banna_semarda,
mr_r.k_rao.sa,
sonu74p,
pankaj.nagda.505,
kaancha_bhai___ranjitmegh,
its_pintu_sharma,
pankajsahu8949,
jatt_shivlal,
shubhchawla787,
angel_neha06s,
dipesh_vaishnav80,
surajsingh3289,
bana_7610,
devendar_sen_09,
mr.ankush_khatik_hathiyana,
sanjay__gujrati,
official_yadavji_09,
mahi.salvi.1622,
muskan_khan_9153,
diwana_ak_sanwara,
loharsemliya,
max.1.4.3.mk,
singhsurendra42172020,
prahlad_nagda_menariya,
msj_vaishnav,
jaggu15092,
rv_choudhary_b,
hariom_tera_wala_jaat,
manshugujjar,
babubabu247,
aj_purbiya_09,
gurjar.8082,
deepak____199,
premshankarpremsa,
ad.itya76,
mr.deepu_singh_rathore_banna,
dev_sa_rj_09,
nadan_banna_leswa,
vishnu_prasad_vaishnav_09,
uv.jangid.9,
iam_jaswant_patel,
pree.ti1367,
vinodjaiswal2010,
jat_pc_,
xtylish_mafiya_raj722,
yash_dhakad__09,
arjun_bilwal,
bhaveshvaishnav_09,
itz_yash_laxkar,
mahakal.sahu,
choudharyshaab.50115161,
aman_pandit6210_,
uttamsingh7971,
vaishnav9286,
sarangdevot_viky_13,
sagargurjar87,
sunil_sa_mewad_09,
mr_jalal.choudhary.92,
mayank.__.bhatnagar,
goverdhanjat7340,
nanuram.official,
gopaljat71219,
narayan_ahir_heerakhedi,
deepakkumar90799,
k_l_janisuthar,
rudra.choudhary,
manish_s_sharma__abvp,
manojjatchhapri,
mr.avi9672,
rkd_kamal_gurjar_741,
_so_sweet__saini_,
kamleshgujjar.02,
aniljat22,
rajveerjaat_choudhary,
vaishnav3450,
ashvani99kashyap,
ranu5052,
__ab__king__47,
rajesh_dhaka_lohawat,
choudhary_____abhi2001,
s.i.l.e.n.t_11,
ganesh__1008,
deependra_chougawadi,
the_rajveer_saa,
__sanju_salvi,
princejangid815,
chandaliya_kanhaiya24,
naughty__sanjay,
dhakarpintu,
bheru_lal_sharma_1122,
phebin_george,
chintu_sharma_bindoliya,
be_bittu_sharma,
sanju_rj_09,
ravi_singh_hada,
manraj_meena_rj25,
ramesh_k_patelpatel7773,
ri.shi4805,
rkdrahulvaishnav,
mr._pushu_09,
yashu_banna_03_offical,
avi.a.sharma,
chandrabhan_singh_chouhan,
rx100rk,
mr_yadav_mukesh,
er_shivu2255,
kr_shakti_banna_9784501012,
anshu__banna,
balmukand.v,
ravikhatik4234,
___choudhary_sp___,
gujjar_smart1,
harish_choudhary894,
bablu_jat_04_09,
prakashgoswami99,
mohit_vaishnav_ft,
panwarnikhilsingh,
rahul_gunjan_vaishnav,
ravik_soni_15,
bhatimahaveer_,
noty_boy_romi,
smarty_rj_19,
__official_rohit_8010,
ratanmali0021,
i_am_lucky76,
sandeepsharma8686,
dhiraj.gujjar.794,
shivrajsinghranawat1,
its_me_vinay_7878,
sunil_vaishnav_1,
surajbairagi143,
_bheru________,
rb_gujjar_65,
ashapura.official,
mr_jaat_sahab__,
09_kanha_dhakad,
rkd_karan,
kailash.gadri.5661,
_official_yasshu_,
harish_vaishnav.9480,
official_viki_chouhan,
anil__meena__9012,
king.of.mewad.udaipur,
mr.mahendra_saini,
shikhar__31,
govindlalkeer,
vishalvaishnavv,
banwari_c,
its_me_vishu09,
arjunvaishnav609,
shaktawat.narendrasingh,
banvari594,
sonu.singhsisodiya.0007,
vivekjain1492,
vishnoi_0029_rules,
rahulbhardwaj7597,
ankit.sen.12979,
sanjay__menaria,
_vinod_patle94,
mohit_kahar091,
pawan_prajapat_007,
the_mhakal_sarkar0007,
khatik.sa,
itsjays8034,
dhanraj.gurjar.123,
gadrikuldeep,
govind_prajapat_001,
l_o_k_e_sh_regar,
xx_dinu_2000,
nandlal.jat.96387,
official_luksa_goswami,
_mr_rawan_,
lokesh.saini.7,
jagpalsinghhada.th.aera,
meenupurbiya,
offcial_pawan_prajapat,
suresh_lawda_ziladhyksh_bundi,
_l_a_l_i_t__malviya_24,
chandrapalsinghhadath.aera3459,
sanjaykheetik,
mr_sachin_dhakad1,
rayka8242,
sahun8603k,
mr_r.k_rao.sa,
ajay_raj_singh_shaktawat_,
sonu.vaishnav.3720,
jaat_da_putr,
aashu_vaishnav0001,
dangidev.1030,
kuwar_dev_banna,
poonam_dhakerrrrr,
manoj_jaihind,
rohitgodawat,
banwari_dhakar_mlsu,
the_bhamsa_ochhari,
royaljaksaa,
lokesh_kmwt_,
ishwar_menariya,
chintu_aera,
mr_deep_vaishnav_770,
b_h_a_n_w_a_r_s_a5432,
udaygadrisangwa,
_radhe_sharma,
goswami_shiva11,
khushi_vaishnav13,
tejendra_suwalka_,
ashoksharma8404,
silently_lover_kanhaiya143,
vinodprajapati5295,
kr_pushpender_7773,
kanha_prajapati_454,
j_e_n_i_s_h_25_08,
pawan756875,
invincible_nilesh,
sharma_rohit_star,
wadi_2903,
vipul_ranawat,
ratan_gurjar_kasana,
rkd_harshad_,
_mukesh__jat,
manohar_goswami7,
mr._vaishnav0123,
moriyasuresh,
lakhanpaji2002,
ikamal07__,
suraj_banna_det_1111_,
mukesh_gujjar_karoi,
manish_ghosunda_142,
badri_sa_vaishnav,
surendra_vaishnav__,
777mr_jaat,
a_j_jangid_9351,
dinesh_jat_ji,
tilkesh_vaishnav,
shyla_day,
mr_guru.01,
mr.prajapati_72925,
krrish_mali,
mdanwarsyed,
kishor.jat.33,
arjun.goswami.1654700,
be_bittu_sharma,
vikasjat24,
nlsharrma,
king_rahuljat_96,
sahubhama4,
vishaljaat299,
sunil_kumar2516,
rkd_pankaj_choudhary,
moidin.mansuri,
__itz__aryan__here__,
aaditi_soni9,
jaatsahab834,
mangal_jat_,
jat_sheela,
rakesh.jat.12935,
nareshbittu58,
n_jat_3111,
sandeep_jat_subi,
nikuujat,
rohit_nehra16,
arjun_bamal_193,
suniljatshersingh,
r.meenaxi,
vipssa_choudhary_o9,
jat_vinod143,
kiyaan_____jat,
join666brotherhood,
sarajul61,
ankit_menaria_7,
lokeshahar,
tinakamboj1699,
mr_syom_jawa_somesh,
_bharat_choudhary__,
lokesh.khandelwal.1485,
stylishsujithllllll,
simone_pizzolato,
official____sameer___390,
zindagihad,
faijas.faiju5170,
deva_prakash__,
annu_tiwari2610,
ll.mr_perfect_rahul.ll,
shahbaj3186,
_ashu__kyy__tshomo_,
annapppa.rx,
adiadityagoswami,
shivraj_official01,
suraj.jaani,
officialpradhyuman99,
s.h.tanvir_55,
meghwalmitthulal,
_badless_,
itss._junior,
akshay.sutar033,
sumantroy_official,
jomcly2,
pranto405,
mr____dark___boy,
mdsarfrajkhan1111,
adil_arbas,
nima_shikhi_701,
mr.monu29,
__deep__17.8,
smrty.s_imam143,
shurubaba,
babitarajj_42365,
macro_tuner,
kmlvyaas,
drx_shubhu,
sonu_rtr_lover,
_k33gotrich_,
deva_9512,
supriyoroy46,
__ak__thakur__143,
apple.flowers.399,
shehin_faizy,
kerketta644,
abhinavgautam_007,
mr_p.k_prajapat143,
rizwanbabar9633,
vijesh_mosco._,
layy_rodriguez,
jithendar_mokka,
shambhulalkhandelwal,
heart_hacker_jayu,
taoufik.benaissa.10,
vilen_______302,
harshalmahalkar2000,
lalitjoshisawa,
officialmannu33,
shivpurivivek,
abhijith_961,
ijaj.ijaj.94801116,
_sudesh_patil_s.p_,
aniket_shriwas_10,
ravi_bangale_007,
seyedhassanabedini64,
dreamerak46,
mr__vijay_dolly,
nannu.d,
adarshraj14,
muku9385,
shekhawat3699,
smartboy1694,
rah.ul2962,
nareshpatel550,
realsachinmishra,
a_k_s_h_u_patil_,
ss_pushkarna_bk7,
___dipendra007,
akash_saini_014,
_________s_a_r_a_t_h_,
254grl,
bhushankashigaon,
hosinsalari2,
febin_bin_sidheeque,
cha._.plin,
shrikant6346,
the_bl0wn_mind,
hitesh__78,
vigi_nesh_aj,
mr__suspecious,
oo__k_i_s_h_u__d,
jayu_prajapat_goyal,
official____dj,
naimkhan482,
gadrikp,
dianka.bany,
brnbrn728,
sudeepkural,
solo2_0000,
surandachandana,
tyson_black_spider_,
mr.rahulpawar,
p_a_s_t_e_r___,
ankitjangir9741,
raaz_parmar_rj27,
aliyakhan8971,
deepak_dk2w,
giriraj.soni.944,
mr_pushkarna_official,
sidhu_sidharth892,
mdshamim_03,
pankaj_pandit__,
babulal9999,
h_o_o_nigan,
rheitahayati_,
dhananjay__boro,
_ilyass.off_,
classic_cee,
kamleshpushkarana,
yuyu_barrii,
royal__bhamsaa,
elyas.mma1,
pushkarnaak479,
sheikhmajid11,
ronaksinh18,
phothographi.2020,
pranjal7411,
pothireddyleelendra,
ahmedshahbaz6694,
abdullah_cn.__,
sahad_uma_r,
__.le0.__.krizis.__,
habeeb_rhm_n,
chanchalgoran,
ajay_shah_1704,
sar.boot,
amira_._amroush,
midhu__midhu_,
donya78033,
youngshow0,
_dpphotography_,
inuu_hacker,
yshddagr,
anamody8392,
xrayanx86,
parov_mlf,
ajrobinkhan,
khan__khan001,
elgordochensky,
kityokalifan7,
ronaq66,
saiyadtofik8867,
ale_manuel_95,
zt_r7_,
niamat2517,
public_photography_100,
spo.deplatt,
noor992135,
naturephotos.h,
__kadri__47,
keyvanwin,
__ed__kane__,
phassans,
samsullahsheikh,
ked_vntry,
aymanbadrawi,
hosein__k021,
prince.769officiel,
shpetimkondaj,
thandu_photography,
sultee03,
pratik_sgh,
emir.can1999,
bingcame,
1_0.a.s,
3iz_i,
nonnaadar,
biig_moo_doundou_guiss,
shezuu.k,
dani44447,
akhilesh_arts_rjn,
_adhi__ii,
shutter_addict,
ketrouci_ibrahim,
panya_1_1_1,
sameerkhan10280,
mdsumonkhan01933,
paulwigintonphotography,
sori.sanjay,
ps1395460,
sreen_adh,
amir0011679,
madboi_____harsh,
fazalmalik725,
aryan8458,
_mr_rocking__ks_,
shadabshaikhzaada998,
sakshamgupta3009,
bhuriya_chirag_,
hydra_sv07,
mimma_mawa,
abhi_143______,
i.amgb,
isabel.castadere,
i.am.stings,
im_candy_boy_c.b,
rahulgiri49831,
goutamcchouhan,
kholood_alariki,
mr_sharik_14,
chandan_william786,
geet_66,
shambhusingh.rawat.54,
m.a.f_photos,
sanmozart_musics,
comedy_queen_nenu,
faryba.photography,
harpreetvaltohahasingh6981,
jillegault,
go.lu9124,
aminmizlakchi,
kpkidris333,
ankitkushwah391,
hassu__07,
pauleypaul,
rajuyadav7471,
ravi_sharma6875,
michaelbarzallo,
nikijain355,
mr_satu143,
2angelus,
bapushri_vaghela5959,
geeta.roy.739326,
prahlad_nagda_menariya,
griffix_lynkin,
ood1370,
mrr__jay__dip007,
thekoalacub,
v_4_viku_,
abdurrahmanazmi47,
sahilpinjari_sk,
pritesh_wagh_1137,
wq_kara_bela,
vaishnavi_vyas480,
dinu_kag,
i_am_sourabhmehra,
deepak_joshi_01,
bshyrbwzn,
vidhya934,
dhirendrasolanki893,
bholekadiwanadurgya,
puhkarna_hemant,
prashantsubhashbagul,
dipeshshihbanjara8955,
pradeepsharma3213,
dude__chawada_713,
mr_peelwa_official,
littlesingh0276,
oussama_nenou,
mr_r.k_rao.sa,
vinod_vyas_arned,
sohanpuravat,
miss_hina14,
leandro__jr_,
shubham_more_072_,
_masoom_legend_,
m.qasim4762,
chotu_sidar11,
rahul.meena00,
zeedsohot,
___sawai____,
kr_rahul_singh__,
achu3371,
a.p_roy0993,
its_chirag_55,
amolmahajan73bhadagaon_india,
aaryan_tekam_,
karianne_aspo,
veer_aj00,
harish_sharma_0007,
lovl0001,
divyang_7777,
jay_one_angles,
jay_sharma_official6875,
shawi_paiz,
1432ambi,
8424_abk,
sayed_prince07,
shimpi9105,
rupesh_photugraphy,
mr_jaspal_sinh_rajput,
parsa_rahmati83,
shubhi_____pushkrna,
xx_shubham_xx001,
asadollah_sarbazi06,
sydskhndrshhhyd,
rsingh1488,
cute_hearted_sandy,
____kashan,
isufi.admir,
akshu_jain279,
__dream_hacker.__,
yavar1993,
chef._.mohamed,
christianmatti,
achujatpeelwa,
vinobasahu,
tosifqadrimodel,
renjith.renjith.71216,
ar.salan3385,
album_editor,
muhammad_aasad92,
_crowd_lover_,
aneeskarippali,
sevda.art070,
photos_by_camilla.persson,
shin.do.j,
hilda_ifeoma,
mrbobbykalman,
_dope_killer_04,
heaven_east_niccur,
articon_fitness,
bonia_1019,
wahyou_rahmatullah,
sagarpatil3399,
rahul_photografar,
omiddashti6,
kumar.r.ranjit.5,
abhay_swamy_143,
ravipatil_007,
raavan0017,
arjunmishra259,
color.grph,
amir.taghizada78,
rahman.karimzadeh63,
deep_vyas_pushkarna_,
diimaakkalyaa,
n.kh973,
h_r_u_s_h_i_9922,
lieven_maris,
innocent___pandat,
faizansari193,
__he_brew__00,
sarieliberty,
varayut.2541,
manohar_goswami7,
vikasharyanroy9955,
dip_damor,
irshadmonu51,
faiz_malik_alig,
sw_edits_223,
mr_ktm_chullan,
alone_boy_ak____,
khalilmalik8046,
_satish_meena__,
kagisomoseskieser,
ganeshpatil6832,
b.crezi,
lawy_08,
pb_07_wala_sukhi,
_dr_eam_make_r,
sriniwas.prajapati,
ek_villen_vishal,
dhan_singh_gogadev_sekhala,
_bed_boy_banjara,
majd_h_awwad,
mohamedsalman_107,
mr.gaurav_patil99,
qadrjwany,
kingcasper6,
habibahmedbd11,
fetah_sbahi,
malantis_cbd,
farkujohnz,
krishna___vyas,
jugjiiiyfb,
hasan_anys,
pushkarna.himanshu,
fakenature_49,
arbaj6673,
harsh.__singh,
gulayakn3,
mr_mb_king_lyy,
tk_blaq,
chetan.pardhi.731,
rajulshani,
chankysonker,
real_abubakar_maener,
mr_model_rahul_01,
dan_shein,
bhavanihajare,
aguirresusana03,
prad.eep192,
maja____babu,
peter_aryan_9018,
offical_mohit_30_62,
zaidddshaikhhh,
edyshot,
narendra_kumar_salvi,
_mr_vinu_editz_4u,
vaishnav4674,
shekhu.photography,
ppawar0030,
theo.brdl_,
vidya49,
rr_thakor_1469,
shalni_v,
giteshpawar143,
nilesh_jain_143.2,
bhavin_joshi_pushkarna,
__.rohit_tiwari.__994,
photo_click_7,
ashishkumar6628,
nikitavyas03,
_aayusssh__,
official_ishu_baba,
suhas_mahajan._,
bheru_lal_sharma_1122,
the_king_of_khans_official,
mahesh_shimpi,
h.r.200.d,
ram___rajput_111,
mayurpatil96k,
t_h_e__s_l_a_y_e_r__s_l_a_i_n,
kanalohar48,
mr._a.m.i.r._143,
niraj_arora_,
akshay.borse.750,
moran_sociedad_artistica,
sameerbramson,
mr.cute_devmenaria,
janwa752,
jafar44663435,
__mr__chandu,
_patilsaurabh,
kanha_prajapati_454,
mahesh_pushkarna96,
sutharjeevan26,
photomagic_photography,
durgeshnishadnknishad761,
aquibkhan.14,
crpnahesh,
vyas.sanvi,
sachinpatil_007_,
sisodiya_ayush_singh,
pooja.jain26,
kushal_janwa_,
pareshvyas31,
udaipur_the_royal_shootout__27,
kuldip_bhosale_15,
bhoidinu,
parth______________patel,
mr_prashant_m_072,
smarty_pandeya001,
royal_baman0,
_suresh_sharma_2,
bittu_rider01,
mr_sha_rukh_khan,
mr_jallad24,
vaibhavsingh8830,
dilip_pushkarna9,
sunilbodana786,
r_p_0119,
aakashmenariya,
official_nitesh_vyas,
nikil894,
gaju___pandit9211,
sajadsardabi5,
ershadshk7,
dheerajsharma8380,
vimal.pathak.1042,
_r_i_a_cute,
mahakaal_ke_dewaana,
pushkarna_bhagu,
yuvraj_banna_chundawat,
gauravvishwakarmaa,
jeevrajnagda_7250,
harsh_mangalwad47,
suresh_prajapati_0946,
____avinashjanwa_____,
manmatsinghrathore,
bhavesh_upadhyay3703,
_aanis_23478,
_canon_lover_yasha_,
official___prince.ehsan,
ajit_rathod_official,
aim_less_sk_refresh,
_param_sing_rajput_,
surya_kkc_,
shishi6702,
trushna_gaykwad,
archana_____1,
himanshu_raghu78,
khan788altaf,
pratik_2572,
ashis_shan,
rinkutanwar86,
mariam.j______,
mahade.akshay,
__nitish__yadav__,
mukul__gahlot,
mr.sid_thakur,
vaibhav_lokhande_official,
arsh_badx,
satish_rathod.official,
vk_model_09_official,
mr_tk_03,
shubhu___111___,
saurbh_jadhav_77,
dhiraj_pandit2000,
rahul_banna4141,
ajay.jat78,
mr_p.k_prajapat143,
vikramjat929,
jaat_saab_anil,
vaseemvaseemkhan,
mukeshjat9680,
mr._ankitjat,
vishnu_mangrol_,
devraj.jat.399,
ajayjat866,
______vikas_____jat______,
ajjuuchoudhary,
suniljat07,
groot_sachin_sharma_,
sonilaxit7497,
dharam_jat,
dilipjangid7458,
anurag____jat,
saraswat.gourav,
vipinjat004,
parkash.sharma.777,
nikuujat,
arjun.goswami.1654700,
bairwasatu,
n_jat_3111,
vikasjat24,
shivajaat_26,
mrdeepu_sen,
pushkar_gurjar_mangrol,
jat7237,
rakesh.jat.12935,
sonu_hr_raja143,
pawanjaat_6464,
arvindjat90,
sumitchoudhery349,
tiktokstarravi,
aarav7859,
prakashsoni45,
jat_pc_,
nikhill01,
mr.deepsaa1227,
jat_sheela,
kapilchoudhary_978,
jat9176,
dashrth.goswami,
official_rajnandan,
_rahul_jat_32,
naresh.jat.286,
manishjat73402020,
narayan_bhil_01,
mohsin_mewati_,
1098rakesh,
kam_lsh001,
sagar.jqt,
sandeep_jaat_4661,
girjajat,
vikramsinghrathore72,
ziddi_jat_822,
arvind.jat.9022,
mr.vinod26,
kamallohar8559881226,
888jat,
vipssa_choudhary_o9,
arpitjat01,
ummed599,
nlsharrma,
chetan.rathor.942,
9863sjat,
arvindjat962,
rp_choudhary_007,
kajusoni07az09,
sanjay.tailor.184007,
vipin_jat6168,
sidjat143,
ganpat_chou_dhary,
mahima_sharma5418,
vishal.chaudhari.123,
deepak_giri00,
ram_nagji,
praveen.jat.520125,
pavanjat46,
nayan_gayri,
r.sunmarmat,
nikiljat,
arjun_bamal_193,
jat_vinod143,
nileshgayari,
nareshbittu58,
p_i_y_u_s_h________,
lokesh_nath_yogi5,
ravinajat00,
rahul_choudhary_4u,
chetanrajmali5192,
rahullohar34,
king_rahuljat_96,
_arvind_jangid_badoli,
nadeemkhan3099,
jayes1703,
d.s.ranamangrol,
ataurrahmanrizvi,
mr___abhishek._,
k.jat93400,
charanjaat9,
aaiman61
vineet_kalal
bharat_dhakar22.00
poojadhakar22
sanjeev7064
chetanpatel2240
chintu_ls_shoot
pari_collection_bijainagar
tanwarprem86
ravikamra861
sruti59
deora__22_sa
amitmakwana777
mandiwalman
saritadhakad28
badmashboysunil143
vimalprakash67
__rao__baby_2020
mr_muniya_18
menaryia
rahu_bunkar
jaswant.jat
anil_jangid_42
ajay.jat78
jayeshchoudhary58
suresh_bishnoi_2k20
karan_patel2152
ms.garg_001
m_r_shooter_sopu
vilu_janwa
mahipal_singh_offical
suresh_dangi_ucos
pankaj_megwal095
anil_meghwal_abvp_salumber
op_gorsiya26
shambhu.lal.58173
lalg8663
vihan907
natwardhaker_
oadnepal
_sak_shi__53
choudhary_340
dhakar_arun
mukesh_parmar9610
branded_villagers_shokin_jaat
anishsuthar1
evergreen_institute_of_udaipur
hitesh_chandel9051
krishumeena234
vikramkumar5270
nareshpatel_9595
jai_bishnoi_29
hunny__dhakad
heera_lal_97
___pavan__meghwanshi__mewar___
7077__lokesh
mit_843
paras_gurjar_0786_amet_
dineshgoswami8481
___585856
vishnu.menaria.908
ratan123gayari
rpjaat7727
mahendra_dudi_08
kishan_ahir_04
prakashkhatik348
sandeep_jaat_4661
kiransinghchundawat
pkdhakar1
anitagoshwami9
mr.goswami.2291
arunanjana445
official_lalit_suthar_mlsu
nikhilchoudhary_mlsu
modern_mewar_collection
rajnikunwer
vinsykhatik
poojajat7374
ashishjaa8
timple_menaria09
upendrayadav965
vikas_sharma_mlsu
aarti.sonawa
surajsharma_ls
_priyal.__
choudhary_sa_prince
heena_sen121
anu.jat63
royal__damor56
mr_nandkishor_kmwt
_yogita_khatik_
mr_chetan_jat88
ramesh_photography_lover
jamnesh_janwa_
ravisharma5390
meghwal6312
menariya_mahesh199
aashu_bhiyajiya_meghwal
fatehsingh714
rajesh_vaishnav0
omprakashsharma3855
rahul_bairwa_14375
hariomgoswamimlsu
3vikas_kothari_2244
ramsa.jaat
sarfaraj.s.397
p_c_uchnar
kamu_jaat_chargadiya
mr_balwant_jat07
nitesh_jat09
poojakmwt_161
riya_vijayvargiya12
sanjay_suthar_13
mr.bheru_suthar
gaurav_ranka_jain
dhaker_rahul___ak_47
narayannath893
roshan_patel_mlsu
hamendra_khatik
ll.jay_prakash.ll
jat_j_s
vaishnav_ravi09
avinash_singh____8082
official_vickykhichi_143
dhakar3810
yash_meena_07
ji.tendra9952
nitesh_paliwal10
ballu._boss
ram_nagji
m_e_n_a_r_i_y_a
chattarpanwar
gurjarsachin60
ratanlaljat58700
krish_kdg
putt_jatt__da_
kamlesh_dhakar1185
vikky7261
mahakaal143143
ajay_patel_mewar
rohit_singh_panwae
sunilpushkarna4
bhanwarjat069
mr.pushkar_mlsu
menaria__sarkar_____
mr_official_nk_dhaker
yogi_.0
rahuldhakad_81
silently___destructive
mr_boss_345
kjain2168
roshankatara786
deepnaina222
manojrajak5507
karansinghjat
choudharysangeeta834
anil.jat.39794895
yashrajdamami
anita_jat9024
rathod_krrish
sharma_kamlendra
goldy_sarva
ashish__modi__teli__
sargarareena
pankajmewara1997
jay_choudhary1327
rakesh_janwa_1695
chirag_kanthalia
dev_salvi_mlsu
ajay__sharma__official__
govind.rajpurohit__
kamlesh_kumarsoliya
meghwalsharvan
lmeghwal258
rkbaisa106
__official__vishnu__khatik_143
jeetyadav_ru
saif_ali_sheikh_786
kunwar_ghanshyam_rathore_7773
jiyauddin_kadery_786
angelsen07
krishna_kii_sadhana
mukulmenaria_
_dreamgirl29_
narwar_singh_asoliya
praveen_nayak007
tanveebhatt
mahigoyal1534
bharat_singh_33
l__n_jaat
pikku.gehlot_mlsu
devilal7769
freakin_ravi_nalwaya
uday.choudhary.7777
pramoddkd
shaktisingh.chundawat.9699
manu_vishnoi429_mlsu
chhajeddarshan
gadrinarayan7
rudra_pratap_singh____7773
himani_choubisa_
sansh_parmar
vishnu_pratap_menariya
mukeshkumarsharma1622
sahilsharma6527
1820j
lokesh_karohi
_harsh_sahu
___parmar321
solanki_vijendra_singh
muksa_patel_sodawas
_lini_5633
anildangi153
dhruv_bolia_72
kaushal_mewara143
mere_alfaaz_official
cool_boy_fateh_parmar
chandu_jaat
manishsahu_3333
_cute_princess34
purohit5820
prashant_dhakad257
iam_jaswant_patel
patel__7773___odwadiya
rajendra_choudhary190
sharwan_manjhu_bishnoi
akshay_tak_143
hussain._.53
sjat0485
mr.khubsaa
rakesh_paliwal_08
sarita_suthar27
_itz_kawal
official__kuldeep_sa_chundawat
_ramesh_menaria
vishu_menaria_kheroda
jitu_vaishanv_
9863sjat
lover_of_udaipur_l
sachu5256
kanhaiya_mali444
kalpeshmeghwal.official
kr_kuldeep_singh_devra_mlsu
nexharsh
jitendraraaz2001
jasu_patel23
mr___ayu
sugandh.yadav.7982
raj.regar.142
bharat_vaishnav_mlsu
bharat_menariya_
dhadkan_dhakar_ki
deepak.lohar.1291
shivam_dhakr
papsaa5112
nehadungari
rohit_sahu060194
sunil_jat0111
rawatdinesh76
sunilchhaba_mdsu
satu_choudhary_2133
banshi_mlsu
priya__chaplot
ravina7345
pankaj_purohit__mlsu
chaii_._lover
bharat_singh__solanki
official_bansa_goswami
mr.vinod26
dineshdesaiudaipur
harsh_tiwari_630_
bn_rishpal_singh_rathore
ro_cky6211
arvind_dewali
avinash3195
madanthata
shivani_pitliya_
pawan_saa199
yuktiroat78
mr.sanky_ved_333
arunsa_choudhery
unique___brand
sanjaynagar5555
_ritik_gujarati_
g.d.jaat.143
rishabhjat000
itz_bhanwar_04
___ii__bhupendra__ii___
rohit___banna_7773____
bhagwanti_jat
its_offical_rj_
purohitharshal200
chouhan_karan_banna
randive_shrikant
banna_ds_chundawat
kunwarmohitsinghsolanki
mr.kamleshdangi
napsa_chouhan_th.dabla
jatkamlesh8875
lavesh_suthar2
im_lokeshjaat77_
premlata5576
jaisinghsolanki547
subham_sarkar_51
mlsusanjay
hemant_bagdi_1
_zamidaar_ji_
ram_rems_menaria
vishal_jaat_07
choudhary1702
atullabana2
swarooppatawat
shreekantsahu2
vinod_dhakad_offical143
kanakhichi
paras.meghwal
shridhakar_jaihind
sonupurbiya420
gp_banna__
dhakaddilip820
_bhanwar_ucos
gaurav_goru_2685
janu_shandily
munirkhan706
choudharyravip
official__raosaab
anil_dkd_09
dinesh_palsaniy
gauravpatelking
jagpal_singh_chundawat
kartiks74
rahuldas.das.984
team_vijay_dhaker_
rahuljat3434
pradhuman_singh429
bhatiya_vaishali
kk_graphics_work
mahesh_samariya0536
bharat.pareek.7524
someshjat
dimplesindhal27
rajmal_meghwal_mlsu
mansadkd3
yash_rv01
_mr_parfect_akki
chetan_mehta_bss
mr.perfect_hc
harish_puri_kumbhalgarh_rj30
vikasviksa
11ad_r_jain_97
meghvanshinaveen143
ajaygurjar110
vishal_jat_official
krishanaa99
miski.jain19_
naren_jaa8
charanjaat9
nandanichouhan0501
menariya_durgashankar
jaatl8261
devsa_108
mukeshjat1432
kamlesh_kumar_soliya
maqsood_lala_69
dashrath_dangi420
rajubharianujjat
shyam_janwa_kheroda
udaipur_the_royal_shutout_27
pshubham116
manishchoudharycm_1
mr___parfect___352
dangi6798
shiv.ek.soch
choudharyankit189
ahanajain16
mukam_choudhary_237
rekham32
_garg_raj_
dhakar_bhavna
rj09_mr.bhagsa_offical
kushagra_kelawat007
adarsh_raikwar_0005
_.ll.___govind_suthar___.ll._
h.gurjar
manisha.mahur.33
_michael__0009
kishan_lal_bheel_mlsu
_mr_vishnu_bhilwara_
bhanu_choudhary_ucl
sampat.choudhary.94849
apnamlsu
arvind_jat_07
puskerdhaker
swag_girl_vini
suresh_bishnoi_mlsu
shubham_banna
naveenrajmali
rohit_dkd
pavanjat46
mr.aashiq_khan
tinku_nagda
chandravijay.singh
na.rendra3687
anu_dkd11
loks_babu
k.didwaniya4
niteshlohar1234
rao_ranveer_singh_asoliya_4428
rajendra_rathore_kama_7773
shanim__singh
rajkumarmeena59
balmukund_dkd_07
chetan_singh_chouhan_7773
puneet_sumit_singh_chouhan2k20
lofer_chora_
kishanlal.gadri.562
tanushreeameta_18
gaytri_jat00
rajubannabarodiya
meenakshi_8999
_vinodkumardhakad
kr_vikram_bnna_7773
anshulsavita
sharmakittukomal
chetanchoudhary1997
putt_jatt_da____aj
luckysinghdeora
rajat_04_19
iamvip__gurjar4
anilrao662
parveen_.s
ankit_chouhan25
bhanwarsshaktawat
harshitakumawat941
manish_lohar_312
devmenariya44
vishnujaat137
innocent__yuvi_
jat7237
kuldeep_singh_th.rampuriya
shravan_singh_asoliya
banwari_dhakar_mlsu
arya_sandeep_sahu
pcjanwakarju
kanheya_lal_choudhary
mr_mohit_g
da_wini_
mukesh___janwa
sonu74p
dkr_s_a_n_t_y
masum1chora
arvind_singh_rajawat326
vikkiy__patel_420
harshitvaishnav_
deshraj.singh.dhalawad
official_manu_777
labana__saab_mlsu
poojaarea
naresh_dkd_
mr_raghav__143
hemantbunker3115
mr.ashish__9718
satpal_singh.chouhan.bantybana
himani_paliwal_mlsu
shekhar__dangi_
deepak_nagda_
vijay_singh_742
choudherysuman
praveen_jat_abvp
punit.khatik
mr._deepak_dips_jain_777
choudharypooja_07
sjatt1122
ishu_jattt
irfan_khan_nsui_
kailashjatmlsu
mr_kushal_sharama_
shubhamchordia98
pranveer_boyana_7773
kartikbohrakb
monubhumarkar
u._l._jat
mf_shopee
amittiwari2481
sonu_choudhary5555
_.bhawani._.singh._.2100
vipulgoswami97
simichoudhary5
kabir_sing_preeti_sikha6162
ravi___mourya
abhimanyu_singh__rathore
dahima.m
durgashankar.menariya
nrp_parmar
kanhajanwa
3_laxman__singh_0.3
baisa_devra
itz_nir____
__mohitsharmaa
payal_pateliya
lalit_dhkr_5555
rahul.dhaker.0007
rahulmeghwal106
traders__jp
jinnu__09
bharat_dhakar_
gouravjain2245
nihal_menaria_31
ravindrasingh262
nitesh_choudhary8888
kanhaiyalal1327
akash___khatik
y_u_k_k_i_i_007
meemansa01
mewara_kirtii
leena.sharma.79230
_rohitsa_aanjna_king__
ravi_kumar_0737_mlsu
satyendra_mlsu
mr._manishh
bhavna_choudhary_78
kailashdhakar777
balwant_janwa
mayank.th._shekhawati
shahzadkhan19981212
vishal_jaat_mlsu_
bhomrajdogiwal
desi_ha_pr_mental_koni_re___
sursa_mlsu_
__divya_agarwal
photographer__vicky
punit_nagda
advkishanpratapsinghsisodiya
arvind_aanjna55
vishal_sharma4
rahul_patel6492
vj_beniwal_24
vikramsinghrao3808
p_for_prem
syed_md._naim
amisha_meena15
its_ishu_choudhary
neelam_dak_
dhakerpradhuman
jahnvi_mehta_mission.2k20
vinodprajapati5295
mahaveershrimali
jagdish1101
choudhary_bhavesh87
mustkim_bareza_sindhi
mr_rohit_gameti
kailash_kulmi_s.p
mr.__perfect__sterenger___jaat
_._mr.antiqutiy_._1997
sanskar_jain_09
ias_jamnalsuthar
aashagangwal18
pawan_dhaker_nsg
bn_rajpal_singh_songara
bhanu.571
rohit_purohit____
sonu_ahir_nsui
call_me_chikkuu
_naveen_dashottar_21
narendra_purbiya
prateek_gadiya
naresh_nagda_2416
_samtajat_
_shivik07_
janwa_sharvan
mano_jjat
king_rahuljat_96
dr_bhupendra_
choudhary_sumer_khoja_01
kusum_khatik_
lucky_diwer
mr_divy.x
utkarsh_2109
rahul_jn24
dhaker_deepak_5000
hitesh_labana_1998
_rahul.choudhary
jaindhruv186
mahipal_sa_madri
nilu_nils_gswmi
cdt.gopal.2130
bhavanatak6
ankit.paliwal.129142
president_srk_mukeshnayak
mr.kanu07
915_mansa_mlsu
mahipal_singh__jodhpur
lala_ram_dhakar
kushal_khichi_0019
dsjewaliya
dharm_raj_madaniya
vinod.pushkarna
rjrahulmehta
jeetsujawat
kamlendra_singh_solanki_mlsu
dilipsahu432
hardika_dashora
anjalidayma111
vishnagayari
mr__sk11
ashi__mehta
alpabhi
mr_karan_kalal
official_suniljat_247
jayu2658
saloni_maheshwari61
mahipal_singh_mewar
abhishek.banna_7773
harshita.soni.2001
vidhyadhakad1
savai_sisodiya
kamal_choudhary_jaat
royal.baisa.monnie
chandrapal_mewara_official27
mr.rahul_official143
rajveer.salvi
priya.vaishnav.10888
ganesh.jat.12914
_navdeep____charan
r_a_j_choudhary143
hiteshmenariathakur
priyanshu8339
_sunil__dhakad
mr.__jeenu
official__rk__jodha_5406
_joshi_86
radhe._vaishnav_3954
khushu_3335
kaancha_bhai___ranjitmegh
the_deepesh_tailor
vikaram__nama_9521
deepu_vsnv
jaa9376
udaichoudharyjat
07_dhangar
karankumawat07
bhavesh_suthar5376
durgesh_menaria
nikhil2212
jatt_rahul_
durgashankarlaxkar
nishi___sethiya
happy__ti786
_kanishka_30
_misnameing_love_
karishma_chaplot
mr_parihar_1997
deepesh_hemnani
badalchouhan385
dj_priyansh_nagda_143
nareshrkh_.gcp_2277
vishal72solanki
prabhu_lal_choudhary
dinesh_singh_punia
jaat__official
the_street_fighter_07
abhidhaker999
nish_joshi_menaria
sahuravi_99
09jitendra_chawda
mr_santosh_janwa
vivaan__pachhola
prabhu_raika_nagaur
kuldeep_choudhary_mlsu_
honey_____9
shinu_chandana7773
l_r_kanthaliya
bhuvi_patel_kbd_047
naval_singh_chouhan_sonu_banna
vikki_55viksa
m.k.m978
rajkumari__dangi
hitesh_regar143
hemant_dangi123
avinash_dkd7090
raja__choudhary007
dharmisthameena4209
officialaccountraju
rohit_aanjana_patel
devsa_dhakar
jaat_dc_3760
as_anksa1
vipul_menaria
_vinod_jat
astha_dhakar
dhakar.kailash
dhaker_nitesh_nd
himmat_menaiya
neharathore10_
solanki_banna_praveen_
nakulnagda_official
shantilal__damor
mewar_ranjit_singh
anirudharyao2
1ektajat
vjanwa
jatkanya
sonika_219
ayush_meena_ucos
ajjuuchoudhary
manish_sharma7169
raccho7
kittu1498
rajveer_ranawat_th.sarangpura
babu.lal.lohar57
mahakal.ki.diwani1
purohitharshit24_
pintusinghchudawat
online_love_spell_solution
payaljangir949
jadhotiya887
vijay_mali2748
pawan.pk656
pooja____prajapat
dharma__03
raja_choudhary1978
umesh_chouhan_03
deelipsinghjadhav7527
nairamangrola
google_the_name
patel__hitesh94
nitesh_dhaker20
sanjay__menaria
lokesh__dhakar
roshanlal.jatiya
bhumi_gorana
naresh___teli
its_raj_214
i_am_naveen_nagar
janwa.mohan
poojajat143
ranu_choudhary____
priyanshichampawat
rajubhaijatt0027
yagnikanushka
priyanshimehta500
shivraj.bhagat.355
pavan_dhakad_sarvaniya
chirag_m24
mr.purshotammeghwal2k20
sid_dharth_jangid2119
vihansingh91
himmat5450
ashok.menariya.58
vishal___labana_
jhala_vinod_singh_dhana
cherrymehta_
kuldeepsingh_solanki__
_.shshnk._
ramesh_bishnoi_51
pawanpaliwal1997
nehachoudhary8148
brijesh_jangid640
kamlendra_singh_chundawat_7773
bharat_s_solanki
kr_ajay_banna7773
kolanapintu
mukeshjatiya23
kiranjat37
lucky.vaishnav.1
genius_a._j._choudhary
manishvaishnav795
jhalamk11
parteekrajawat
gopal.21janwa
ladla_soni_ji
dhakadsunil1991
k_sachin028
_purvivyas_
suresh_vaishnav540
ganpatchouhan_
jagdish_joshi_143
sweets__china
hitesh_meena_01
sumit_singh__chouhan07
v._president_srk_clg
sen8518
rohitathwal999
choudharyji6327
krishnanagda1911
divyanshu__chouhan_
brijrajsen33
___gajju.banna___
vishalsagarvanshi
ramsa_ak_47
amit_jain_62
rocky_soniii
vishaljat48
snaahmansuri
ravi_choudhary_rj
ghazal_gaon_
durgajat6
kr__bhanu_pratap_singh_1515__
indramal_dhaker_inc
branded_villager_kanha
teju__choudhary_29
mukeshchaudhary567
manraj1183
rahul_rdx01
mr._manish_patidar
balveermeena05
mr._manishdkd_ucos001
rohit_talreja10
piyush__khatik__official
photographer_eshan_panjwani_
aanchal_1701
ravinajat_01
mr_arvind_dkd
rohitpaliwal011
yogesh_solanki0007
narayan_bhil_01
_0_tushar_0_
dkd_payal
darshan80031
shivani._.nalwaya
jain_sushil_lodha_
bhanuraj_meena
pankaj_dhaker_555
ziddyboy_018
__priyanshuu
pankaj_dkd_555
vishaljakhar_official
girljat234
sunil_nimbahera_offical
naresh_choudhary00
0_divya_1199
abhishekmehta99
ajay_rathore_5754
rahul__salvi982
____bhavyasoni____
ritsa_mewar___bhinder
_priyadarshini__23
pacifician_arun_choudhary_
the_sarpanch_tasing
_kr_parwat_singh_deora_icya
kinshu6460
magicgiftudaipur
vijayprakash_jat
deepen_choudhary21
thevinayaksuthar
vijay_rajmali_viju
rcmbusiness_official_page
tulsiram_rawat_mlsu
p_a_n_k_a_j___d__k__d__143
divyansh.__.goswami
dhruvpanchal_4599
nehugswmi
shivanichoudhary360
guduu_deora
shambu_jat
bhanwervishnoi
khatik_joy
uniqe_zahid
manojdhaker899
happy_singh_8239
himanshi.salvi
rahul_____dhaker
vikramahir_inc
yashwantchoudharynsui
narendrasinghhgurjar
menariakoushal
gu.ru4929
dev_regar
anilsuwalkanew2019
raju_dangi5997_mlsu
kalyannagda4422
henichoubisa
avinashgoswami384
nisha_choudhary_05_08
ganpat_chou_dhary
jaya___sarangdevot
vinod.kamali
mohsin_mansuri11
durga_sankar_menariya
siya_lalit_photography
jainmogra
nehaa_254
__meghwalraaz_bsr
rahul_dkd_555
shamusuthar
abhishek_menaria_menar
rao_preetam_singh_rana
erpatel6010
_anushree_mehta_
bhume_sh
menariya_g_m_b7
hiral__joshi12
renu9549j
pragati_choubisa
neetusinghbaghela3445
raj_kumar_menaria
humpty_sharma_047
choudhary_9435
lucky_patel2716
jat_vinod143
pushkarjanwaboheda
kr_bheru_singh_bemla
pawan__godara__
rahul_sharma_5445
jaata_ka_chora111
barod_dp
rahul_purohit_th_jagat
bittudhak
vyas.ratnesh
pritesh.sankhla99
mr_deeps_jaihind07
anushka_janwa
mr_deni_07
vickygurjar143
bhagirath_choudhary_0
nehal_hn_571
shravan_raika8
neekujain
dhakar_jsp_
_tanvi.rathore__
preeti.kunwar.chouhan
hunter_banna_nd_baisa
ramkishan_sarsi_143
daksh_jain_.99
yaugik
dimpal_prajapat22
_hemant_singh_chouhan
itz_sonu_sharma_kedariya_0984
aastha.078
bharatvaishnav26
bannaaa_badmash
krishnasolanki4341
ravindra_ahir_
pawanjat1
aryansehlot
rathore_3082
mr_rathore.47
papasbarkheda
prit_4_jain
k.s_chahar
k_suthar03
__mr_abhi.01
jaswant_8521
nikhilsahuvan786
dinupatel13797
ankit.khichi
praveen_chundawat__82_mlsu
rockdipesh7984
manish_uccms_mlsu_
bhagwanlal.jat.7
khush_ahari
s.p.dedwana
lachhi0013
jay_dindor
jnv_lokesh_dhakar
vickyphagna3103
_.barbie._.doll._.liza._
lucky_katara_19
kavyavyasmlsu
nageshmali3233
888jat
jatni6809
rohit_nehra16
hritik_choudhary_23_02
vickeyx_model
abhivardhan_singh
chandrapal_singh_shaktawat
akram_mansuri_kesunda
kirtibhatt451
itzz_deepsa
kritika_singh_deora_
kundan_menaria_ucos
lalita_nagda_
salvibitts_7773
hitsa_mewar
its_rahuljangid
mehta2115
officel_mr._choudhary_rj_07
doulatbhoi2
hootersahilnagori
tulsi_das_vaishnav
harshit09mehta
kalpanagangwal28
chora_meghwal_ka_
shoukatudairamsar
rajputanamewad
88dipika
nvn_dhaker_007
mr.alpesh_18_14
riddhi8882
vikash.jat_8113
kimi00421
narsa_oad_jsm_143
kreetidashora_0305
nishaparmar_
premsingh6955
kashifqureshi12177
bhupesh_salvi_bunkar_rj27
neet_420
juhirathore7773
dhakad_ramkishan
gajendra_singh_krishnawat
soraj_jaat_kabaddi
skundan342
suresh_kadva
chintan_patidar_1999
deepanshu_meghwal_
_aakash__choudhary
jeet_ranawat_23
pawanpatel294245
irfan_raees_9587
mayuri_menaria06
_pavan_purohit_
mr._dhakad20
manisha_jat_03
manasvi_07
solanki.official_09
jujar.singh.rathore
jat_pc_009
_mr_b.l_choudhary_9916
manish_choudhary_8779
ektarfa_mohabbat_99
mr.aatif.786
shivanibhati.978
dineshsinghchouhan_7773
dayaramsaini31
teekamprakashsuthar
nirmal_palsaniya
official_pawan_gayari
nitishsetaliya
rachana_jat_mlsu
manav_choudhary0235
tina.jat.7165
d_janwa
prajapat._pooja
vaishalikhoiwal
deepak_rao_kurabad
